excel_row,id,variant_id,sku,name,brand,category_id,category_reason,missing_fields,warnings,url
5,801,2481,ST-801-2481,Билкова Тинктура Чиста Кръв - Билка Чудодейка - 100 мл.,Билка Чудодейка,17509,nearest: flower/herb extract group,LG Length - cm; LH Width - cm; LI Height - cm; LY Country/Region of Origin,"Closest available template category selected: Health & Household / Vitamins, Minerals & Supplements / Herbal Supplements / Chamomile Herbal Supplements; Manufacturer not confirmed against template choices",https://stoletnika.eu/product/bilkova-poli-tinktura-chista-krav-bilka-chudodeika-tsena
6,802,2483,ST-802-2483,"Билкова Тинктура ""Билколетие"" - Билка Чудодейка - 100 мл.",Билка Чудодейка,17536,nearest: declared composition,LG Length - cm; LH Width - cm; LI Height - cm; LY Country/Region of Origin,"Closest available template category selected: Health & Household / Vitamins, Minerals & Supplements / Herbal Supplements / St. John's Wort Herbal Supplements; Manufacturer not confirmed against template choices",https://stoletnika.eu/product/bilkova-poli-tinktura-bilkoletie-bilka-chudodeika-tsena
7,803,2485,ST-803-2485,"Билкова Тинктура ""Билков Щит - AB"" при вируси - Билка Чудодейка - 100 мл.",Билка Чудодейка,17560,first declared ingredient,LG Length - cm; LH Width - cm; LI Height - cm; LY Country/Region of Origin,Confirm category selected by the first declared ingredient; Manufacturer not confirmed against template choices,https://stoletnika.eu/product/bilkova-poli-tinktura-bilkov-shtit-ab-pri-virusi-bilka-chudodeika-tsena
8,804,2487,ST-804-2487,Билков Спрей за Нос - Билка Чудодейка - 30 мл.,Билка Чудодейка,17532,nearest: aromatic-herb group,LG Length - cm; LH Width - cm; LI Height - cm; LY Country/Region of Origin,"Closest available template category selected: Health & Household / Vitamins, Minerals & Supplements / Herbal Supplements / Oregano Herbal Supplements; Manufacturer not confirmed against template choices",https://stoletnika.eu/product/bilkov-sprei-za-nos-bilka-chudodeika-tsena
9,805,2489,ST-805-2489,Билков Спрей за Гърло с Лавандула - Билка Чудодейка - 50 мл.,Билка Чудодейка,17509,nearest: flower/herb extract group,LG Length - cm; LH Width - cm; LI Height - cm; LY Country/Region of Origin,"Closest available template category selected: Health & Household / Vitamins, Minerals & Supplements / Herbal Supplements / Chamomile Herbal Supplements; Manufacturer not confirmed against template choices",https://stoletnika.eu/product/bilkov-sprei-za-gurlo-s-lavandula-bilka-chudodeika-tsena
10,806,2491,ST-806-2491,Билков Спрей за Гърло с Мента - Билка Чудодейка - 50 мл.,Билка Чудодейка,17532,nearest: aromatic-herb group,LG Length - cm; LH Width - cm; LI Height - cm; LY Country/Region of Origin,"Closest available template category selected: Health & Household / Vitamins, Minerals & Supplements / Herbal Supplements / Oregano Herbal Supplements; Manufacturer not confirmed against template choices",https://stoletnika.eu/product/bilkov-sprei-za-gurlo-s-menta-bilka-chudodeika-tsena
11,807,2493,ST-807-2493,ТОКСИКЛИНИТ - Билкови капсули за детоксикация - Билка Чудодейка - 60 капс.,Билка Чудодейка,17539,first declared ingredient,LG Length - cm; LH Width - cm; LI Height - cm; LY Country/Region of Origin,Confirm category selected by the first declared ingredient; Manufacturer not confirmed against template choices,https://stoletnika.eu/product/toksiklinit-bilkovi-kapsuli-za-detoksikatsia-bilka-chudodeika-cena
12,808,2495,ST-808-2495,"Билкова Тинктура ""Стройна Фигура"" - Билка Чудодейка - 100 мл.",Билка Чудодейка,17532,nearest: aromatic-herb group,LG Length - cm; LH Width - cm; LI Height - cm; LY Country/Region of Origin,"Closest available template category selected: Health & Household / Vitamins, Minerals & Supplements / Herbal Supplements / Oregano Herbal Supplements; Manufacturer not confirmed against template choices",https://stoletnika.eu/product/bilkova-poli-tinktura-stroina-figura-bilka-chudodeika-tsena
13,809,2497,ST-809-2497,"Билкова Тинктура ""Здрав Бял Дроб"" - Билка Чудодейка - 100 мл.",Билка Чудодейка,17516,first declared ingredient,LG Length - cm; LH Width - cm; LI Height - cm; LY Country/Region of Origin,Confirm category selected by the first declared ingredient; Manufacturer not confirmed against template choices,https://stoletnika.eu/product/bilkova-poli-tinktura-zdrav-bql-drob-bilka-chudodeika-tsena
14,814,2507,ST-814-2507,ВИТАЕНЕРГОФИТ - Билкови капсули за енергия - Билка Чудодейка - 60 капс.,Билка Чудодейка,17537,first declared ingredient,LG Length - cm; LH Width - cm; LI Height - cm; LY Country/Region of Origin,Confirm category selected by the first declared ingredient; Manufacturer not confirmed against template choices,https://stoletnika.eu/product/vitaenergofit-bilkovi-kapsuli-za-enrgiq-bilka-chudodeika-cena
15,815,2509,ST-815-2509,"Билкова Тинктура ""Здрав Стомах"" - Билка Чудодейка - 100 мл.",Билка Чудодейка,17505,nearest: plant-root/leaf herbal extract group,LG Length - cm; LH Width - cm; LI Height - cm; LY Country/Region of Origin,"Closest available template category selected: Health & Household / Vitamins, Minerals & Supplements / Herbal Supplements / Artichoke Herbal Supplements; Manufacturer not confirmed against template choices",https://stoletnika.eu/product/bilkova-poli-tinktura-zdrav-stomah-bilka-chudodeika-tsena
16,816,2511,ST-816-2511,"Билкова Тинктура ""Здрави Венци"" - Билка Чудодейка - 100 мл.",Билка Чудодейка,17536,nearest: declared composition,LG Length - cm; LH Width - cm; LI Height - cm; LY Country/Region of Origin,"Closest available template category selected: Health & Household / Vitamins, Minerals & Supplements / Herbal Supplements / St. John's Wort Herbal Supplements; Manufacturer not confirmed against template choices",https://stoletnika.eu/product/bilkova-poli-tinktura-zdravi-ventsi-bilka-chudodeika-tsena
17,817,2513,ST-817-2513,"Билкова Тинктура ""Щастие"" - Билка Чудодейка - 100 мл.",Билка Чудодейка,17517,first declared ingredient,LG Length - cm; LH Width - cm; LI Height - cm; LY Country/Region of Origin,Confirm category selected by the first declared ingredient; Manufacturer not confirmed against template choices,https://stoletnika.eu/product/bilkova-poli-tinktura-shtastie-pri-depresiq-bilka-chudodeika-tsena
18,818,2515,ST-818-2515,"Билкова Тинктура ""Афродизиак"" - Билка Чудодейка - 100 мл.",Билка Чудодейка,17537,first declared ingredient,LG Length - cm; LH Width - cm; LI Height - cm; LY Country/Region of Origin,Confirm category selected by the first declared ingredient; Manufacturer not confirmed against template choices,https://stoletnika.eu/product/bilkova-poli-tinktura-afrodiziak-bilka-chudodeika-tsena
19,819,2517,ST-819-2517,"Билкова Тинктура ""Мента, Глог, Валериана - Подобрена"" - Билка Чудодейка - 50 мл.",Билка Чудодейка,17521,title,LG Length - cm; LH Width - cm; LI Height - cm; LY Country/Region of Origin,Manufacturer not confirmed against template choices,https://stoletnika.eu/product/bilkova-poli-tinktura-menta-glog-valeriana-podobrena-chudodeika-tsena
20,820,2519,ST-820-2519,"Билкова Тинктура ""За Деца - Общоукрепваща"" - Билка Чудодейка - 100 мл.",Билка Чудодейка,17521,nearest: declared composition,LG Length - cm; LH Width - cm; LI Height - cm; LY Country/Region of Origin,"Closest available template category selected: Health & Household / Vitamins, Minerals & Supplements / Herbal Supplements / Hawthorn Herbal Supplements; Manufacturer not confirmed against template choices",https://stoletnika.eu/product/bilkova-poli-tinktura-za-detsa-obshtoukrepvashta-chudodeika-tsena
21,821,2521,ST-821-2521,"Билкова Тинктура ""Билков Щит - Б"" при бактерии - Билка Чудодейка - 100 мл.",Билка Чудодейка,17512,first declared ingredient,LG Length - cm; LH Width - cm; LI Height - cm; LY Country/Region of Origin,Confirm category selected by the first declared ingredient; Manufacturer not confirmed against template choices,https://stoletnika.eu/product/bilkova-poli-tinktura-bilkov-shtit-b-pri-bakterii-bilka-chudodeika-tsena
22,822,2523,ST-822-2523,"Билкова Тинктура ""Чист Черен Дроб"" - Билка Чудодейка - 100 мл.",Билка Чудодейка,17524,nearest: declared composition,LG Length - cm; LH Width - cm; LI Height - cm; LY Country/Region of Origin,"Closest available template category selected: Health & Household / Vitamins, Minerals & Supplements / Herbal Supplements / Licorice Root Herbal Supplements; Manufacturer not confirmed against template choices",https://stoletnika.eu/product/bilkova-poli-tinktura-chist-cheren-drob-bilka-chudodeika-tsena
23,823,2525,ST-823-2525,"Билкова Тинктура ""Здрави Кости и Стави"" - Билка Чудодейка - 100 мл.",Билка Чудодейка,17532,nearest: aromatic-herb group,LG Length - cm; LH Width - cm; LI Height - cm; LY Country/Region of Origin,"Closest available template category selected: Health & Household / Vitamins, Minerals & Supplements / Herbal Supplements / Oregano Herbal Supplements; Manufacturer not confirmed against template choices",https://stoletnika.eu/product/bilkova-poli-tinktura-zdravi-kosti-i-stavi-bilka-chudodeika-tsena
24,824,2527,ST-824-2527,"Билкова Тинктура ""Нормално Кръвно Налягане"" - Билка Чудодейка - 100 мл.",Билка Чудодейка,17515,nearest: declared composition,LG Length - cm; LH Width - cm; LI Height - cm; LY Country/Region of Origin,"Closest available template category selected: Health & Household / Vitamins, Minerals & Supplements / Herbal Supplements / Garlic Herbal Supplements; Manufacturer not confirmed against template choices",https://stoletnika.eu/product/bilkova-poli-tinktura-normalno-kravno-nalqgane-bilka-chudodeika-tsena
25,825,2529,ST-825-2529,"Билкова Тинктура ""Бистър Ум"" - Билка Чудодейка - 100 мл.",Билка Чудодейка,17518,nearest: plant-root extract group,LG Length - cm; LH Width - cm; LI Height - cm; LY Country/Region of Origin,"Closest available template category selected: Health & Household / Vitamins, Minerals & Supplements / Herbal Supplements / Ginseng Herbal Supplements; Manufacturer not confirmed against template choices",https://stoletnika.eu/product/bilkova-poli-tinktura-bistar-um-bilka-chudodeika-tsena
26,826,2531,ST-826-2531,"Билкова Тинктура ""Здрави Вени"" - Билка Чудодейка - 100 мл.",Билка Чудодейка,17532,nearest: aromatic-herb group,LG Length - cm; LH Width - cm; LI Height - cm; LY Country/Region of Origin,"Closest available template category selected: Health & Household / Vitamins, Minerals & Supplements / Herbal Supplements / Oregano Herbal Supplements; Manufacturer not confirmed against template choices",https://stoletnika.eu/product/bilkova-poli-tinktura-zdravi-veni-bilka-chudodeika-tsena
27,827,2533,ST-827-2533,"Билкова Тинктура ""За Мъжа"" - Билка Чудодейка - 100 мл.",Билка Чудодейка,17537,nearest: declared composition,LG Length - cm; LH Width - cm; LI Height - cm; LY Country/Region of Origin,"Closest available template category selected: Health & Household / Vitamins, Minerals & Supplements / Herbal Supplements / Tribulus Herbal Supplements; Manufacturer not confirmed against template choices",https://stoletnika.eu/product/bilkova-poli-tinktura-za-mazha-bilka-chudodeika-tsena
28,828,2535,ST-828-2535,"Билкова Тинктура ""За Жената"" - Билка Чудодейка - 100 мл.",Билка Чудодейка,17509,nearest: flower/herb extract group,LG Length - cm; LH Width - cm; LI Height - cm; LY Country/Region of Origin,"Closest available template category selected: Health & Household / Vitamins, Minerals & Supplements / Herbal Supplements / Chamomile Herbal Supplements; Manufacturer not confirmed against template choices",https://stoletnika.eu/product/bilkova-poli-tinktura-za-jenata-bilka-chudodeika-tsena
29,829,2537,ST-829-2537,ПРОИМУНИТ - Билкови капсули за Имунна Система - Билка Чудодейка - 60 капс.,Билка Чудодейка,17506,first declared ingredient,LG Length - cm; LH Width - cm; LI Height - cm; LY Country/Region of Origin,Confirm category selected by the first declared ingredient; Manufacturer not confirmed against template choices,https://stoletnika.eu/product/bilka-chudodeika-bilkovi-kapsuli-za-imunna-sistema-tsena
30,1264,3405,ST-1264-3405,"Билкова Тинктура ""Билколакс"" - при Запек - Билка Чудодейка - 100 мл.",Билка Чудодейка,17514,nearest: declared composition,LG Length - cm; LH Width - cm; LI Height - cm; LY Country/Region of Origin,"Closest available template category selected: Health & Household / Vitamins, Minerals & Supplements / Herbal Supplements / Flaxseed Herbal Supplements; Manufacturer not confirmed against template choices",https://stoletnika.eu/product/bilka-chudodeika-bilkova-poli-tinktura-bilkolaks-pri-zapek-tsena
31,1265,3407,ST-1265-3407,"Билкова Тинктура ""Здраво Сърце"" - Билка Чудодейка - 100 мл.",Билка Чудодейка,17560,nearest: fruit/berry extract group,LG Length - cm; LH Width - cm; LI Height - cm; LY Country/Region of Origin,"Closest available template category selected: Health & Household / Vitamins, Minerals & Supplements / Herbal Supplements / Fruit Extracts / Bilberry Herbal Supplements; Manufacturer not confirmed against template choices",https://stoletnika.eu/product/bilka-chudodeika-bilkova-poli-tinktura-zdravo-sartse-tsena
32,1266,3409,ST-1266-3409,"Билкова Тинктура ""Здрави Бъбреци"" - Билка Чудодейка - 100 мл.",Билка Чудодейка,17529,nearest: leaf/whole-herb extract group,LG Length - cm; LH Width - cm; LI Height - cm; LY Country/Region of Origin,"Closest available template category selected: Health & Household / Vitamins, Minerals & Supplements / Herbal Supplements / Nettle Herbal Supplements; Manufacturer not confirmed against template choices",https://stoletnika.eu/product/bilka-chudodeika-bilkova-poli-tinktura-zdravi-babretsi-tsena
33,1267,3411,ST-1267-3411,"Билкова Тинктура ""Чисти Артерии"" - Билка Чудодейка - 100 мл.",Билка Чудодейка,17579,nearest: declared composition,LG Length - cm; LH Width - cm; LI Height - cm; LY Country/Region of Origin,"Closest available template category selected: Health & Household / Vitamins, Minerals & Supplements / Herbal Supplements / Spirulina Herbal Supplements; Manufacturer not confirmed against template choices",https://stoletnika.eu/product/bilka-chudodeika-bilkova-poli-tinktura-chisti-arterii-tsena
34,1268,3413,ST-1268-3413,"Билкова Тинктура ""За Очи"" - Билка Чудодейка - 100 мл.",Билка Чудодейка,17560,nearest: declared composition,LG Length - cm; LH Width - cm; LI Height - cm; LY Country/Region of Origin,"Closest available template category selected: Health & Household / Vitamins, Minerals & Supplements / Herbal Supplements / Fruit Extracts / Bilberry Herbal Supplements; Manufacturer not confirmed against template choices",https://stoletnika.eu/product/bilka-chudodeika-bilkova-poli-tinktura-za-ochi-tsena
35,1269,3415,ST-1269-3415,"Билкова Тинктура ""Гликохербин"" -при Диабет - Билка Чудодейка - 100 мл.",Билка Чудодейка,17510,first declared ingredient,LG Length - cm; LH Width - cm; LI Height - cm; LY Country/Region of Origin,Confirm category selected by the first declared ingredient; Manufacturer not confirmed against template choices,https://stoletnika.eu/product/bilka-chudodeika-bilkova-poli-tinktura-glikoherbin-pri-diabet-tsena
36,1270,3417,ST-1270-3417,Билков Спрей за Нос с Евкалипт - Билка Чудодейка - 30 мл.,Билка Чудодейка,17509,nearest: general herbal preparation group; exact leaf absent,LG Length - cm; LH Width - cm; LI Height - cm; LY Country/Region of Origin,"Closest available template category selected: Health & Household / Vitamins, Minerals & Supplements / Herbal Supplements / Chamomile Herbal Supplements; Manufacturer not confirmed against template choices",https://stoletnika.eu/product/bilka-chudodeika-bilkov-sprei-za-nos-s-evkalipt-tsena
37,1271,3419,ST-1271-3419,Билков Спрей за Нос за Деца - Билка Чудодейка - 30 мл.,Билка Чудодейка,17509,nearest: general herbal preparation group; exact leaf absent,LG Length - cm; LH Width - cm; LI Height - cm; LY Country/Region of Origin,"Closest available template category selected: Health & Household / Vitamins, Minerals & Supplements / Herbal Supplements / Chamomile Herbal Supplements; Manufacturer not confirmed against template choices",https://stoletnika.eu/product/bilka-chudodeika-bilkov-sprei-za-nos-za-detsa-tsena
38,1272,3421,ST-1272-3421,"Билков Спрей ""Гадекс"" - при гадене и повръщане - Билка Чудодейка - 50 мл.",Билка Чудодейка,17532,nearest: aromatic-herb group,LG Length - cm; LH Width - cm; LI Height - cm; LY Country/Region of Origin,"Closest available template category selected: Health & Household / Vitamins, Minerals & Supplements / Herbal Supplements / Oregano Herbal Supplements; Manufacturer not confirmed against template choices",https://stoletnika.eu/product/bilka-chudodeika-bilkov-sprei-gadeks-pri-gadene-i-povrashtane-tsena
39,1274,3425,ST-1274-3425,"Билков Спрей ""Здрав Сън"" - при безсъние - Билка Чудодейка - 50 мл.",Билка Чудодейка,17540,first declared ingredient,LG Length - cm; LH Width - cm; LI Height - cm; LY Country/Region of Origin,Confirm category selected by the first declared ingredient; Manufacturer not confirmed against template choices,https://stoletnika.eu/product/bilka-chudodeika-bilkov-sprei-zdrav-san-pri-bezsanie-tsena
40,2121,5166,ST-2121-5166,"Билкова Тинктура ""Токсиклинит"" -за Детоксикация - Билка Чудодейка - 100 мл.",Билка Чудодейка,17539,first declared ingredient,LG Length - cm; LH Width - cm; LI Height - cm; LY Country/Region of Origin,Confirm category selected by the first declared ingredient; Manufacturer not confirmed against template choices,https://stoletnika.eu/product/bilka-chudodeika-bilkova-poli-tinktura-toksiklinit-za-detoksikatsiq-tsena
41,2122,5168,ST-2122-5168,"Билкова Тинктура ""Арония"" -за Имунитет, Детоксикация - Билка Чудодейка - 100 мл.",Билка Чудодейка,17560,nearest: fruit/berry extract group,LG Length - cm; LH Width - cm; LI Height - cm; LY Country/Region of Origin,"Closest available template category selected: Health & Household / Vitamins, Minerals & Supplements / Herbal Supplements / Fruit Extracts / Bilberry Herbal Supplements; Manufacturer not confirmed against template choices",https://stoletnika.eu/product/bilka-chudodeika-bilkova-tinktura-aroniq-za-imunitet-detoksikatsiq-tsena
42,2123,5170,ST-2123-5170,"Билкова Тинктура ""Бабини зъби"" -за Активно спортуващи, Хормонален баланс - Билка Чудодейка - 100 мл.",Билка Чудодейка,17537,title,LG Length - cm; LH Width - cm; LI Height - cm; LY Country/Region of Origin,Manufacturer not confirmed against template choices,https://stoletnika.eu/product/bilka-chudodeika-bilkova-tinktura-babini-zabi-tsena
43,2124,5172,ST-2124-5172,"Билков Спрей ""Билков Щит"" - за силен имунитет - Билка Чудодейка - 50 мл.",Билка Чудодейка,17512,first declared ingredient,LG Length - cm; LH Width - cm; LI Height - cm; LY Country/Region of Origin,Confirm category selected by the first declared ingredient; Manufacturer not confirmed against template choices,https://stoletnika.eu/product/bilka-chudodeika-bilkov-sprei-bilkov-shtit-za-imunitet-tsena
44,3611,8161,ST-3611-8161,Билкова Тинктура Гъба Шийтаке - при тумори - Билка Чудодейка - 100 мл.,Билка Чудодейка,17527,title,LG Length - cm; LH Width - cm; LI Height - cm; LY Country/Region of Origin,Manufacturer not confirmed against template choices,https://stoletnika.eu/product/bilka-chudodeika-bilkova-tinktura-guba-shiitake-za-detoksikatsiq-tsena
45,3612,8163,ST-3612-8163,"Билкова Тинктура Гъба Рейши - при вируси, бактерии и онкологични заболявания - Билка Чудодейка - 100 мл.",Билка Чудодейка,17527,title,LG Length - cm; LH Width - cm; LI Height - cm; LY Country/Region of Origin,Manufacturer not confirmed against template choices,https://stoletnika.eu/product/bilka-chudodeika-bilkova-tinktura-guba-reishi-tsena
46,5893,12216,ST-5893-12216,Билкова Тинктура Бял Равнец - Билка Чудодейка - 100 мл.,Билка Чудодейка,17509,nearest: flower/herb extract group,LG Length - cm; LH Width - cm; LI Height - cm; LY Country/Region of Origin,"Closest available template category selected: Health & Household / Vitamins, Minerals & Supplements / Herbal Supplements / Chamomile Herbal Supplements; Manufacturer not confirmed against template choices",https://stoletnika.eu/product/bilka-chudodeika-bilkova-tinktura-bql-ravnets-100ml-tsena
47,5894,12217,ST-5894-12217,Билкова Тинктура Бял Трън - Билка Чудодейка - 100 мл.,Билка Чудодейка,17526,title,LG Length - cm; LH Width - cm; LI Height - cm; LY Country/Region of Origin,Manufacturer not confirmed against template choices,https://stoletnika.eu/product/bilka-chudodeika-bilkova-tinktura-bql-tran-100ml-tsena
48,5895,12218,ST-5895-12218,Билкова Тинктура Глухарче - Билка Чудодейка - 100 мл.,Билка Чудодейка,17505,nearest: plant-root/leaf herbal extract group,LG Length - cm; LH Width - cm; LI Height - cm; LY Country/Region of Origin,"Closest available template category selected: Health & Household / Vitamins, Minerals & Supplements / Herbal Supplements / Artichoke Herbal Supplements; Manufacturer not confirmed against template choices",https://stoletnika.eu/product/bilka-chudodeika-bilkova-tinktura-gluharche-100ml-tsena
49,5896,12219,ST-5896-12219,Билкова Тинктура Ехинацея - Билка Чудодейка - 100 мл.,Билка Чудодейка,17512,title,LG Length - cm; LH Width - cm; LI Height - cm; LY Country/Region of Origin,Manufacturer not confirmed against template choices,https://stoletnika.eu/product/bilka-chudodeika-bilkova-tinktura-ehinatsea-100ml-tsena
50,5897,12220,ST-5897-12220,Билкова Тинктура Жълт Кантарион - Билка Чудодейка - 100 мл.,Билка Чудодейка,17536,title,LG Length - cm; LH Width - cm; LI Height - cm; LY Country/Region of Origin,Manufacturer not confirmed against template choices,https://stoletnika.eu/product/bilka-chudodeika-bilkova-tinktura-jalt-kantarion-100ml-tsena
51,5898,12221,ST-5898-12221,Билкова Тинктура Левзея - Билка Чудодейка - 100 мл.,Билка Чудодейка,17518,nearest: plant-root extract group,LG Length - cm; LH Width - cm; LI Height - cm; LY Country/Region of Origin,"Closest available template category selected: Health & Household / Vitamins, Minerals & Supplements / Herbal Supplements / Ginseng Herbal Supplements; Manufacturer not confirmed against template choices",https://stoletnika.eu/product/bilka-chudodeika-bilkova-tinktura-levzea-100ml-tsena
52,5899,12222,ST-5899-12222,Билкова Тинктура Турта - Билка Чудодейка - 100 мл.,Билка Чудодейка,17509,nearest: flower/herb extract group,LG Length - cm; LH Width - cm; LI Height - cm; LY Country/Region of Origin,"Closest available template category selected: Health & Household / Vitamins, Minerals & Supplements / Herbal Supplements / Chamomile Herbal Supplements; Manufacturer not confirmed against template choices",https://stoletnika.eu/product/bilka-chudodeika-bilkova-tinktura-turta-100ml-tsena
53,338,1179,3800500315058,Билков екстракт за гърло Ехинасал + - Хербалкан - спрей 30 мл.,Хербалкан,17509,nearest: general herbal preparation group; exact leaf absent,LG Length - cm; LH Width - cm; LI Height - cm; LY Country/Region of Origin,"Closest available template category selected: Health & Household / Vitamins, Minerals & Supplements / Herbal Supplements / Chamomile Herbal Supplements",https://stoletnika.eu/product/bilkov-sprei-ekstrakt-za-garlo-ehinasal-herbalkan-sprey-30-ml-tsena
54,339,1184,3800500315119,Билкова тинктура Бабини зъби - Хербалкан - 50 мл.,Хербалкан,17537,title,LG Length - cm; LH Width - cm; LI Height - cm; LY Country/Region of Origin,,https://stoletnika.eu/product/bilkova-tinktura-babini-zabi-herbalkan-50-ml-tsena
55,340,1188,3800500315126,Билкова тинктура Бял Равнец - Хербалкан - 50 мл.,Хербалкан,17509,nearest: flower/herb extract group,LG Length - cm; LH Width - cm; LI Height - cm; LY Country/Region of Origin,"Closest available template category selected: Health & Household / Vitamins, Minerals & Supplements / Herbal Supplements / Chamomile Herbal Supplements",https://stoletnika.eu/product/bilkova-tinktura-byal-ravnets-herbalkan-50-ml-tsena
56,483,1718,3800500315171,Билкова тинктура Бяло Еньовче - Хербалкан - 50 мл.,Хербалкан,17529,nearest: leaf/whole-herb extract group,LG Length - cm; LH Width - cm; LI Height - cm; LY Country/Region of Origin,"Closest available template category selected: Health & Household / Vitamins, Minerals & Supplements / Herbal Supplements / Nettle Herbal Supplements",https://stoletnika.eu/product/bilkova-tinktura-byalo-eniovche-herbalkan-50-ml-tsena
57,484,1721,ST-484-1721,Билкова тинктура Гугулу - Хербалкан - 50 мл.,Хербалкан,17556,title,LG Length - cm; LH Width - cm; LI Height - cm; LY Country/Region of Origin,,https://stoletnika.eu/product/bilkova-tinktura-gugulu-herbalkan-50-ml-tsena
58,485,1724,3800500315102,Хербалкан Билкова тинктура Гастрохерб - При газове и лошо храносмилане - 50 мл.,Хербалкан,17595,nearest: digestive nutritional product group,LG Length - cm; LH Width - cm; LI Height - cm; LY Country/Region of Origin,"Closest available template category selected: Health & Household / Vitamins, Minerals & Supplements / Enzymes / Multi-Enzyme Nutritional Supplements",https://stoletnika.eu/product/herbalkan-bilkova-tinktura-gastroherb-pri-gazove-i-losho-hranosmilane-50-ml-tsena
59,486,1727,3800500315072,Хербалкан Билкова тинктура Глюкохерб - Регулиране на кръвната захар - 50 мл.,Хербалкан,17529,nearest: declared composition,LG Length - cm; LH Width - cm; LI Height - cm; LY Country/Region of Origin,"Closest available template category selected: Health & Household / Vitamins, Minerals & Supplements / Herbal Supplements / Nettle Herbal Supplements",https://stoletnika.eu/product/herbalkan-bilkova-tinktura-glyukoherb-regulirane-na-kravnata-zahar-50-ml-tsena
60,487,1734,3800500315089,Хербалкан Билкова тинктура Детоксон - Детоксикация на черен дроб и бъбреци - 50 мл.,Хербалкан,17526,nearest: declared composition,LG Length - cm; LH Width - cm; LI Height - cm; LY Country/Region of Origin,"Closest available template category selected: Health & Household / Vitamins, Minerals & Supplements / Herbal Supplements / Milk Thistle Herbal Supplements",https://stoletnika.eu/product/herbalkan-bilkova-tinktura-detokson-detoksikatsiya-na-cheren-drob-i-babretsi-50-ml-tsena
61,488,1733,3800500315157,Хербалкан Билкова тинктура Женска Грижа - Хормонален баланс - 50 мл.,Хербалкан,17509,nearest: flower/herb extract group,LG Length - cm; LH Width - cm; LI Height - cm; LY Country/Region of Origin,"Closest available template category selected: Health & Household / Vitamins, Minerals & Supplements / Herbal Supplements / Chamomile Herbal Supplements",https://stoletnika.eu/product/herbalkan-bilkova-tinktura-zhenska-grizha-hormonalen-balans-50-ml-tsena
62,489,1737,3800500315041,"Хербалкан Билкова тинктура Котешка стъпка - Простата, гинекологични проблеми - 50 мл.",Хербалкан,17509,nearest: general herbal preparation group; exact leaf absent,LG Length - cm; LH Width - cm; LI Height - cm; LY Country/Region of Origin,"Closest available template category selected: Health & Household / Vitamins, Minerals & Supplements / Herbal Supplements / Chamomile Herbal Supplements",https://stoletnika.eu/product/herbalkan-bilkova-tinktura-koteshka-stapka-prostata-ginekologichni-problemi-50-ml-tsena
63,491,1743,3800500315164,Хербалкан Билкова тинктура Парабаланс - 50 мл.,Хербалкан,17509,nearest: general herbal preparation group; exact leaf absent,LG Length - cm; LH Width - cm; LI Height - cm; LY Country/Region of Origin,"Closest available template category selected: Health & Household / Vitamins, Minerals & Supplements / Herbal Supplements / Chamomile Herbal Supplements",https://stoletnika.eu/product/herbalkan-bilkova-tinktura-parabalans-antiparazitna-programa-50-ml-tsena
64,1581,4057,3800500315423,Билкова тинктура Астрахерб - Хербалкан - 50 мл.,Хербалкан,17506,nearest: declared composition,LG Length - cm; LH Width - cm; LI Height - cm; LY Country/Region of Origin,"Closest available template category selected: Health & Household / Vitamins, Minerals & Supplements / Herbal Supplements / Astragalus Herbal Supplements",https://stoletnika.eu/product/herbalkan-bilkova-tinktura-astraherb-50-ml-tsena
65,1582,4059,3800500315027,Билкова тинктура Тройна Ехинацея - Хербалкан - 50 мл.,Хербалкан,17512,title,LG Length - cm; LH Width - cm; LI Height - cm; LY Country/Region of Origin,,https://stoletnika.eu/product/herbalkan-bilkova-tinktura-troina-ehinatsea-50-ml-tsena
66,1583,4061,3800500315010,Билкова Тинктура Тройна Ехинацея с Бъзак - Хербалкан - 50 мл.,Хербалкан,17512,title,LG Length - cm; LH Width - cm; LI Height - cm; LY Country/Region of Origin,,https://stoletnika.eu/product/herbalkan-bilkova-tinktura-troina-ehinatsea-s-bazak-50-ml-tsena
67,1584,4063,3800500315393,Билкова Тинктура Имунохерб за Деца - Хербалкан - 50 мл.,Хербалкан,17685,nearest: dietary-fiber/digestive nutritional product group,LG Length - cm; LH Width - cm; LI Height - cm; LY Country/Region of Origin,"Closest available template category selected: Health & Household / Vitamins, Minerals & Supplements / Digestive Supplements / Dietary Fiber Nutritional Supplements",https://stoletnika.eu/product/herbalkan-bilkova-tinktura-imunoherb-za-detsa-50-ml-tsena
68,1585,4065,3800500315218,Билкова тинктура Кандихерб - Хербалкан - 50 мл.,Хербалкан,17532,nearest: aromatic-herb group,LG Length - cm; LH Width - cm; LI Height - cm; LY Country/Region of Origin,"Closest available template category selected: Health & Household / Vitamins, Minerals & Supplements / Herbal Supplements / Oregano Herbal Supplements",https://stoletnika.eu/product/herbalkan-bilkova-tinktura-candiherb-50-ml-tsena
69,1586,4067,3800500315201,Билкова тинктура Адреналбаланс - Хербалкан - 50 мл.,Хербалкан,17518,nearest: plant-root extract group,LG Length - cm; LH Width - cm; LI Height - cm; LY Country/Region of Origin,"Closest available template category selected: Health & Household / Vitamins, Minerals & Supplements / Herbal Supplements / Ginseng Herbal Supplements",https://stoletnika.eu/product/herbalkan-bilkova-tinktura-adrenalbans-50-ml-tsena
70,1587,4069,3800500315256,Билкова тинктура Хербиотик - Хербалкан - 50 мл.,Хербалкан,17515,nearest: garlic-type herb group,LG Length - cm; LH Width - cm; LI Height - cm; LY Country/Region of Origin,"Closest available template category selected: Health & Household / Vitamins, Minerals & Supplements / Herbal Supplements / Garlic Herbal Supplements",https://stoletnika.eu/product/herbalkan-bilkova-tinktura-herbiotic-50-ml-tsena
71,1588,4071,3800500315287,Билкова тинктура Уснеа Имуно - Хербалкан - 50 мл.,Хербалкан,17575,nearest: herbal preparation group,LG Length - cm; LH Width - cm; LI Height - cm; LY Country/Region of Origin,"Closest available template category selected: Health & Household / Vitamins, Minerals & Supplements / Herbal Supplements / Marshmallow Root Herbal Supplements",https://stoletnika.eu/product/herbalkan-bilkova-tinktura-usnea-imuno-50-ml-tsena
72,1589,4073,3800500315485,Билкова тинктура Детокс 3 Корена - Хербалкан  - 50 мл.,Хербалкан,17505,nearest: plant-root/leaf herbal extract group,LG Length - cm; LH Width - cm; LI Height - cm; LY Country/Region of Origin,"Closest available template category selected: Health & Household / Vitamins, Minerals & Supplements / Herbal Supplements / Artichoke Herbal Supplements",https://stoletnika.eu/product/herbalkan-bilkova-tinktura-detoks-3-korena-50-ml-tsena
73,1590,4075,3800500315232,Билкова Тинктура Глухарче Корен- Хербалкан  - 50 мл.,Хербалкан,17505,nearest: plant-root/leaf herbal extract group,LG Length - cm; LH Width - cm; LI Height - cm; LY Country/Region of Origin,"Closest available template category selected: Health & Household / Vitamins, Minerals & Supplements / Herbal Supplements / Artichoke Herbal Supplements",https://stoletnika.eu/product/herbalkan-bilkova-tinktura-gluharche-koren-50-ml-tsena
74,1591,4077,3800500315331,"Билкова тинктура Трибулус + (Tribulus Terrestris, Бабини зъби) - Усилена Формула - Хербалкан - 50 мл.",Хербалкан,17537,title,LG Length - cm; LH Width - cm; LI Height - cm; LY Country/Region of Origin,,https://stoletnika.eu/product/bilkova-tinktura-tribulus-plus-usilena-formula-babini-zabi-herbalkan-50-ml-tsena
75,1592,4079,3800500315133,Билкова тинктура Широколист Живовляк - Хербалкан - 50 мл.,Хербалкан,17529,nearest: leaf/whole-herb extract group,LG Length - cm; LH Width - cm; LI Height - cm; LY Country/Region of Origin,"Closest available template category selected: Health & Household / Vitamins, Minerals & Supplements / Herbal Supplements / Nettle Herbal Supplements",https://stoletnika.eu/product/bilkova-tinktura-byal-ravnets-herbalkan-50-ml-tsena-1
76,1593,4081,3800500315225,Билкова тинктура Цариче - Хербалкан - 50 мл.,Хербалкан,17509,nearest: general herbal preparation group; exact leaf absent,LG Length - cm; LH Width - cm; LI Height - cm; LY Country/Region of Origin,"Closest available template category selected: Health & Household / Vitamins, Minerals & Supplements / Herbal Supplements / Chamomile Herbal Supplements",https://stoletnika.eu/product/bilkova-tinktura-tsariche-herbalkan-50-ml-tsena
77,1594,4083,3800500315263,Билкова тинктура Тулси (Свещен Босилек) от свежа билка - Хербалкан - 50 мл.,Хербалкан,17550,title,LG Length - cm; LH Width - cm; LI Height - cm; LY Country/Region of Origin,,https://stoletnika.eu/product/bilkova-tinktura-tulsi-sveshten-bosilek-herbalkan-50-ml-tsena
78,1595,4085,3800500315249,Билкова тинктура Зелен Орех (от свежа билка) - Хербалкан - 50 мл.,Хербалкан,17509,nearest: general herbal preparation group; exact leaf absent,LG Length - cm; LH Width - cm; LI Height - cm; LY Country/Region of Origin,"Closest available template category selected: Health & Household / Vitamins, Minerals & Supplements / Herbal Supplements / Chamomile Herbal Supplements",https://stoletnika.eu/product/bilkova-tinktura-zelen-oreh-herbalkan-50-ml-tsena
79,1596,4087,3800500315492,Гроздов Екстракт Концентрат - Хербалкан - 50 мл.,Хербалкан,17635,nearest: declared composition,LG Length - cm; LH Width - cm; LI Height - cm; LY Country/Region of Origin,"Closest available template category selected: Health & Household / Vitamins, Minerals & Supplements / Antioxidants / Polyphenol / Grape Seed Extract Herbal Supplements",https://stoletnika.eu/product/grozdov-ekstrakt-kontsentrat-herbalkan-50-ml-tsena
80,1597,4089,3800500315195,Билкова тинктура Коприва (от свежа билка) - Хербалкан - 50 мл.,Хербалкан,17529,title,LG Length - cm; LH Width - cm; LI Height - cm; LY Country/Region of Origin,,https://stoletnika.eu/product/bilkova-tinktura-kopriva-herbalkan-50-ml-tsena
81,1598,4091,3800500315416,Билкова тинктура Мурсалски Чай - Хербалкан - 50 мл.,Хербалкан,17532,nearest: aromatic-herb group,LG Length - cm; LH Width - cm; LI Height - cm; LY Country/Region of Origin,"Closest available template category selected: Health & Household / Vitamins, Minerals & Supplements / Herbal Supplements / Oregano Herbal Supplements",https://stoletnika.eu/product/bilkova-tinktura-mursalski-chai-herbalkan-50-ml-tsena
82,1599,4093,3800500315270,Билкова тинктура Страшниче - Хербалкан - 50 мл.,Хербалкан,17509,nearest: general herbal preparation group; exact leaf absent,LG Length - cm; LH Width - cm; LI Height - cm; LY Country/Region of Origin,"Closest available template category selected: Health & Household / Vitamins, Minerals & Supplements / Herbal Supplements / Chamomile Herbal Supplements",https://stoletnika.eu/product/herbalkan-bilkova-tinktura-strashniche-50-ml-tsena
83,1600,4095,ST-1600-4095,Билкова тинктура Рейши Червено - Хербалкан - 50 мл.,Хербалкан,17527,title,LG Length - cm; LH Width - cm; LI Height - cm; LY Country/Region of Origin,,https://stoletnika.eu/product/bilkova-tinktura-reishi-cherveno-herbalkan-50-ml-tsena
84,1601,4097,3800500315294,Билкова тинктура Венохерб - Хербалкан  - 50 мл.,Хербалкан,17517,nearest: declared composition,LG Length - cm; LH Width - cm; LI Height - cm; LY Country/Region of Origin,"Closest available template category selected: Health & Household / Vitamins, Minerals & Supplements / Herbal Supplements / Ginkgo Biloba Herbal Supplements",https://stoletnika.eu/product/herbalkan-bilkova-tinktura-venoherb-50-ml-tsena
85,1602,4099,3800500315409,Билкова тинктура Бозойл - Хербалкан - 50 мл.,Хербалкан,17682,first declared ingredient,LG Length - cm; LH Width - cm; LI Height - cm; LY Country/Region of Origin,Confirm category selected by the first declared ingredient,https://stoletnika.eu/product/herbalkan-bilkova-tinktura-bozoil-50-ml-tsena
86,1603,4101,3800500315386,Билкова тинктура Уинтърхерб - Хербалкан - 50 мл.,Хербалкан,17516,nearest: declared composition,LG Length - cm; LH Width - cm; LI Height - cm; LY Country/Region of Origin,"Closest available template category selected: Health & Household / Vitamins, Minerals & Supplements / Herbal Supplements / Ginger Herbal Supplements",https://stoletnika.eu/product/herbalkan-bilkova-tinktura-uintarherb-50-ml-tsena
87,1604,4103,ST-1604-4103,Билкова тинктура Параойл - Хербалкан  - 10 мл.,Хербалкан,17682,first declared ingredient,LG Length - cm; LH Width - cm; LI Height - cm; LY Country/Region of Origin,Confirm category selected by the first declared ingredient,https://stoletnika.eu/product/herbalkan-bilkova-tinktura-paraoil-10-ml-tsena
88,1605,4105,3800500315096,Билкова тинктура Циститон - Хербалкан - 50 мл.,Хербалкан,17560,nearest: fruit/berry extract group,LG Length - cm; LH Width - cm; LI Height - cm; LY Country/Region of Origin,"Closest available template category selected: Health & Household / Vitamins, Minerals & Supplements / Herbal Supplements / Fruit Extracts / Bilberry Herbal Supplements",https://stoletnika.eu/product/herbalkan-bilkova-tinktura-tsistiton-50-ml-tsena
89,1606,4107,3800500315065,Билкова тинктура Трите М - Хербалкан - 50 мл.,Хербалкан,17509,nearest: general herbal preparation group; exact leaf absent,LG Length - cm; LH Width - cm; LI Height - cm; LY Country/Region of Origin,"Closest available template category selected: Health & Household / Vitamins, Minerals & Supplements / Herbal Supplements / Chamomile Herbal Supplements",https://stoletnika.eu/product/herbalkan-bilkova-tinktura-trite-m-50-ml-tsena
90,1969,4848,3800500315638,Билкова тинктура Маслинови листа (от свежа билка) - Хербалкан - 50 мл.,Хербалкан,17531,title,LG Length - cm; LH Width - cm; LI Height - cm; LY Country/Region of Origin,,https://stoletnika.eu/product/bilkova-tinktura-maslinovi-lista-ot-svezha-bilka-herbalkan-50-ml-tsena
91,1972,4854,3800500315317,"Билкова Вода за Уста ""ПародонтХерб"" - Хербалкан - 50 мл.",Хербалкан,17524,nearest: declared composition,LG Length - cm; LH Width - cm; LI Height - cm; LY Country/Region of Origin,"Closest available template category selected: Health & Household / Vitamins, Minerals & Supplements / Herbal Supplements / Licorice Root Herbal Supplements",https://stoletnika.eu/product/bilkova-voda-za-usta-parodontherb-herbalkan-250-ml-tsena
92,1973,4856,ST-1973-4856,Билкова тинктура Жълт Кантарион (от свежа билка)- Хербалкан - 50 мл.,Хербалкан,17536,title,LG Length - cm; LH Width - cm; LI Height - cm; LY Country/Region of Origin,,https://stoletnika.eu/product/herbalkan-bilkova-tinktura-zhalt-kantarion-50-ml-tsena
93,1974,4858,3800500315621,Билкова тинктура Левзея - Хербалкан - 50 мл.,Хербалкан,17518,nearest: plant-root extract group,LG Length - cm; LH Width - cm; LI Height - cm; LY Country/Region of Origin,"Closest available template category selected: Health & Household / Vitamins, Minerals & Supplements / Herbal Supplements / Ginseng Herbal Supplements",https://stoletnika.eu/product/herbalkan-bilkova-tinktura-levzeq-50-ml-tsena
94,1975,4860,3800500315607,Билкова тинктура Лугачка - Хербалкан - 50 мл.,Хербалкан,17509,nearest: general herbal preparation group; exact leaf absent,LG Length - cm; LH Width - cm; LI Height - cm; LY Country/Region of Origin,"Closest available template category selected: Health & Household / Vitamins, Minerals & Supplements / Herbal Supplements / Chamomile Herbal Supplements",https://stoletnika.eu/product/bilkova-tinktura-lugachka-herbalkan-50-ml-tsena
95,1976,4862,ST-1976-4862,Билкова тинктура Очанка - Хербалкан - 50 мл.,Хербалкан,17509,nearest: general herbal preparation group; exact leaf absent,LG Length - cm; LH Width - cm; LI Height - cm; LY Country/Region of Origin,"Closest available template category selected: Health & Household / Vitamins, Minerals & Supplements / Herbal Supplements / Chamomile Herbal Supplements",https://stoletnika.eu/product/herbalkan-bilkova-tinktura-ochanka-50-ml-tsena
96,1977,4864,3800500315652,Билкова тинктура Кардиорелакс - Хербалкан - 50 мл.,Хербалкан,17718,nearest: herbal/nutritional relaxation product group,LG Length - cm; LH Width - cm; LI Height - cm; LY Country/Region of Origin,"Closest available template category selected: Health & Household / Vitamins, Minerals & Supplements / Herbal & Nutritional Sleep Supplements",https://stoletnika.eu/product/herbalkan-bilkova-tinktura-kardiorelaks-50-ml-tsena
97,1978,4866,3800500315355,Билкова тинктура Кардиохерб - Хербалкан - 50 мл.,Хербалкан,17517,nearest: declared composition,LG Length - cm; LH Width - cm; LI Height - cm; LY Country/Region of Origin,"Closest available template category selected: Health & Household / Vitamins, Minerals & Supplements / Herbal Supplements / Ginkgo Biloba Herbal Supplements",https://stoletnika.eu/product/herbalkan-bilkova-tinktura-kardioherb-50-ml-tsena
98,1979,4868,3800500315669,Билкова тинктура Хеморохерб - Хербалкан - 50 мл.,Хербалкан,17509,nearest: flower/herb extract group,LG Length - cm; LH Width - cm; LI Height - cm; LY Country/Region of Origin,"Closest available template category selected: Health & Household / Vitamins, Minerals & Supplements / Herbal Supplements / Chamomile Herbal Supplements",https://stoletnika.eu/product/herbalkan-bilkova-tinktura-hemoroherb-50-ml-tsena
99,1980,4870,3800500315676,Билкова тинктура Хламигохерб - Хербалкан - 50 мл.,Хербалкан,17509,nearest: flower/herb extract group,LG Length - cm; LH Width - cm; LI Height - cm; LY Country/Region of Origin,"Closest available template category selected: Health & Household / Vitamins, Minerals & Supplements / Herbal Supplements / Chamomile Herbal Supplements",https://stoletnika.eu/product/herbalkan-bilkova-tinktura-hlamigoherb-50-ml-tsena
100,2284,5499,3800500315799,Билкова тинктура Ашваганда - Хербалкан - 50 мл.,Хербалкан,17567,title,LG Length - cm; LH Width - cm; LI Height - cm; LY Country/Region of Origin,,https://stoletnika.eu/product/bilkova-tinktura-ashvaganda-herbalkan-50-ml-tsena
101,2285,5501,3800500315898,Билкова тинктура Бяла бреза /лист/ - Хербалкан - 50 мл.,Хербалкан,17529,nearest: leaf/whole-herb extract group,LG Length - cm; LH Width - cm; LI Height - cm; LY Country/Region of Origin,"Closest available template category selected: Health & Household / Vitamins, Minerals & Supplements / Herbal Supplements / Nettle Herbal Supplements",https://stoletnika.eu/product/bilkova-tinktura-bqla-breza-list-herbalkan-50-ml-tsena
102,2286,5503,3800500315829,Билкова тинктура Бяла бреза /пъпка/ - Хербалкан - 50 мл.,Хербалкан,17529,nearest: leaf/whole-herb extract group,LG Length - cm; LH Width - cm; LI Height - cm; LY Country/Region of Origin,"Closest available template category selected: Health & Household / Vitamins, Minerals & Supplements / Herbal Supplements / Nettle Herbal Supplements",https://stoletnika.eu/product/bilkova-tinktura-bqla-breza-papka-herbalkan-50-ml-tsena
103,2287,5505,3800500315706,Билкова тинктура Бъзак /от свежа билка/- Хербалкан - 50 мл.,Хербалкан,17509,nearest: general herbal preparation group; exact leaf absent,LG Length - cm; LH Width - cm; LI Height - cm; LY Country/Region of Origin,"Closest available template category selected: Health & Household / Vitamins, Minerals & Supplements / Herbal Supplements / Chamomile Herbal Supplements",https://stoletnika.eu/product/bilkova-tinktura-bazak-ot-sveja-bilka-herbalkan-50-ml-tsena
104,2288,5507,3800500315805,Билкова тинктура Годжи бери / Лиций /от свежа билка/- Хербалкан - 50 мл.,Хербалкан,17560,nearest: fruit/berry extract group,LG Length - cm; LH Width - cm; LI Height - cm; LY Country/Region of Origin,"Closest available template category selected: Health & Household / Vitamins, Minerals & Supplements / Herbal Supplements / Fruit Extracts / Bilberry Herbal Supplements",https://stoletnika.eu/product/bilkova-tinktura-goji-beri-litsii-ot-sveja-bilka-herbalkan-50-ml-tsena
105,2289,5509,ST-2289-5509,Билкова тинктура Златна пръчица - Хербалкан - 50 мл.,Хербалкан,17529,nearest: leaf/whole-herb extract group,LG Length - cm; LH Width - cm; LI Height - cm; LY Country/Region of Origin,"Closest available template category selected: Health & Household / Vitamins, Minerals & Supplements / Herbal Supplements / Nettle Herbal Supplements",https://stoletnika.eu/product/bilkova-tinktura-zlatna-prachitsa-herbalkan-50-ml-tsena
106,2290,5511,3800500315744,Билкова тинктура Кордицепс - Хербалкан - 50 мл.,Хербалкан,17527,title,LG Length - cm; LH Width - cm; LI Height - cm; LY Country/Region of Origin,,https://stoletnika.eu/product/bilkova-tinktura-cordyceps-herbalkan-50-ml-tsena
107,2291,5513,3800500315867,Билкова тинктура Котешки нокът / Samento - Хербалкан - 50 мл.,Хербалкан,17643,nearest: antioxidant/nutritional combination group,LG Length - cm; LH Width - cm; LI Height - cm; LY Country/Region of Origin,"Closest available template category selected: Health & Household / Vitamins, Minerals & Supplements / Antioxidants / Antioxidant Combination Nutritional Supplements",https://stoletnika.eu/product/bilkova-tinktura-koteshki-nokat-samento-herbalkan-50-ml-tsena
108,2292,5515,3800500315843,Билкова тинктура Горска къпина /лист/ от свежи билки - Хербалкан - 50 мл.,Хербалкан,17529,nearest: leaf/whole-herb extract group,LG Length - cm; LH Width - cm; LI Height - cm; LY Country/Region of Origin,"Closest available template category selected: Health & Household / Vitamins, Minerals & Supplements / Herbal Supplements / Nettle Herbal Supplements",https://stoletnika.eu/product/bilkova-tinktura-gorska-kapina-list-ot-sveji-bilki-herbalkan-50-ml-tsena
109,2293,5517,3800500315591,Билкова тинктура Латинка (от свежа билка) - Хербалкан - 50 мл.,Хербалкан,17509,nearest: general herbal preparation group; exact leaf absent,LG Length - cm; LH Width - cm; LI Height - cm; LY Country/Region of Origin,"Closest available template category selected: Health & Household / Vitamins, Minerals & Supplements / Herbal Supplements / Chamomile Herbal Supplements",https://stoletnika.eu/product/bilkova-tinktura-latinka-herbalkan-50-ml-tsena
110,2294,5519,3800500315614,Билкова тинктура Левурда /от свежа билка/- Хербалкан - 50 мл.,Хербалкан,17515,nearest: garlic-type herb group,LG Length - cm; LH Width - cm; LI Height - cm; LY Country/Region of Origin,"Closest available template category selected: Health & Household / Vitamins, Minerals & Supplements / Herbal Supplements / Garlic Herbal Supplements",https://stoletnika.eu/product/bilkova-tinktura-levurda-ot-sveja-bilka-herbalkan-50-ml-tsena
111,2295,5521,3800500315850,Билкова тинктура Лепка стрък /от свежи билки/ - Хербалкан - 50 мл.,Хербалкан,17529,nearest: leaf/whole-herb extract group,LG Length - cm; LH Width - cm; LI Height - cm; LY Country/Region of Origin,"Closest available template category selected: Health & Household / Vitamins, Minerals & Supplements / Herbal Supplements / Nettle Herbal Supplements",https://stoletnika.eu/product/bilkova-tinktura-lepka-strak-herbalkan-50-ml-tsena
112,2296,5523,3800500315751,Билкова тинктура Мака корен - Хербалкан - 50 мл.,Хербалкан,17518,nearest: plant-root extract group,LG Length - cm; LH Width - cm; LI Height - cm; LY Country/Region of Origin,"Closest available template category selected: Health & Household / Vitamins, Minerals & Supplements / Herbal Supplements / Ginseng Herbal Supplements",https://stoletnika.eu/product/bilkova-tinktura-maka-koren-herbalkan-50-ml-tsena
113,2297,5525,3800500315812,Билкова тинктура Горска малина /лист/ от свежи билки - Хербалкан - 50 мл.,Хербалкан,17529,nearest: leaf/whole-herb extract group,LG Length - cm; LH Width - cm; LI Height - cm; LY Country/Region of Origin,"Closest available template category selected: Health & Household / Vitamins, Minerals & Supplements / Herbal Supplements / Nettle Herbal Supplements",https://stoletnika.eu/product/bilkova-tinktura-gorska-malina-list-ot-sveji-bilki-herbalkan-50-ml-tsena
114,2298,5527,3800500315553,Билкова тинктура Невен - Хербалкан - 50 мл.,Хербалкан,17509,nearest: flower/herb extract group,LG Length - cm; LH Width - cm; LI Height - cm; LY Country/Region of Origin,"Closest available template category selected: Health & Household / Vitamins, Minerals & Supplements / Herbal Supplements / Chamomile Herbal Supplements",https://stoletnika.eu/product/bilkova-tinktura-neven-herbalkan-50-ml-tsena
115,2299,5529,3800500315768,Билкова тинктура Прополис - Хербалкан - 50 мл.,Хербалкан,17605,nearest: bee-product supplement group,LG Length - cm; LH Width - cm; LI Height - cm; LY Country/Region of Origin,"Closest available template category selected: Health & Household / Vitamins, Minerals & Supplements / Royal Jelly Nutritional Supplements",https://stoletnika.eu/product/herbalkan-bilkova-tinktura-propolis-50-ml-tsena
116,2300,5531,3800500315577,Билкова тинктура Репей - Хербалкан - 50 мл.,Хербалкан,17505,nearest: plant-root/leaf herbal extract group,LG Length - cm; LH Width - cm; LI Height - cm; LY Country/Region of Origin,"Closest available template category selected: Health & Household / Vitamins, Minerals & Supplements / Herbal Supplements / Artichoke Herbal Supplements",https://stoletnika.eu/product/herbalkan-bilkova-tinktura-repei-50-ml-tsena
117,2301,5533,3800500315836,Билкова тинктура Родиола - Хербалкан - 50 мл.,Хербалкан,17518,nearest: plant-root extract group,LG Length - cm; LH Width - cm; LI Height - cm; LY Country/Region of Origin,"Closest available template category selected: Health & Household / Vitamins, Minerals & Supplements / Herbal Supplements / Ginseng Herbal Supplements",https://stoletnika.eu/product/herbalkan-bilkova-tinktura-rodiola-zlaten-koren-50-ml-tsena
118,2344,5621,38005003151073,Билкова тинктура Памуклийка - Хербалкан - 50 мл.,Хербалкан,17643,nearest: antioxidant/nutritional combination group,LG Length - cm; LH Width - cm; LI Height - cm; LY Country/Region of Origin,"Closest available template category selected: Health & Household / Vitamins, Minerals & Supplements / Antioxidants / Antioxidant Combination Nutritional Supplements; Unsupported barcode format: 38005003151073",https://stoletnika.eu/product/herbalkan-bilkova-tinktura-pamukliika-50-ml-tsena
119,2345,5623,38005003151035,Билкова тинктура Бял трън - Хербалкан - 50 мл.,Хербалкан,17526,title,LG Length - cm; LH Width - cm; LI Height - cm; LY Country/Region of Origin,Unsupported barcode format: 38005003151035,https://stoletnika.eu/product/herbalkan-bilkova-tinktura-byal-trun-50-ml-tsena
120,2346,5625,38005003151028,Билкова тинктура Зелен Овес - Хербалкан - 50 мл.,Хербалкан,17509,nearest: general herbal preparation group; exact leaf absent,LG Length - cm; LH Width - cm; LI Height - cm; LY Country/Region of Origin,"Closest available template category selected: Health & Household / Vitamins, Minerals & Supplements / Herbal Supplements / Chamomile Herbal Supplements; Unsupported barcode format: 38005003151028",https://stoletnika.eu/product/herbalkan-bilkova-tinktura-zelen-oves-50-ml-tsena
121,2347,5627,38005003151011,Билкова тинктура Исландски лишей (без алкохол) - Хербалкан - 50 мл.,Хербалкан,17575,nearest: herbal preparation group,LG Length - cm; LH Width - cm; LI Height - cm; LY Country/Region of Origin,"Closest available template category selected: Health & Household / Vitamins, Minerals & Supplements / Herbal Supplements / Marshmallow Root Herbal Supplements; Unsupported barcode format: 38005003151011",https://stoletnika.eu/product/herbalkan-bilkova-tinktura-islandski-lishei-bez-alkohol-50-ml-tsena
122,2348,5629,38005003151042,Билкова тинктура Кладница - Хербалкан - 50 мл.,Хербалкан,17527,nearest: principal product ingredient,LG Length - cm; LH Width - cm; LI Height - cm; LY Country/Region of Origin,"Closest available template category selected: Health & Household / Vitamins, Minerals & Supplements / Herbal Supplements / Mushrooms Herbal Supplements; Unsupported barcode format: 38005003151042",https://stoletnika.eu/product/herbalkan-bilkova-tinktura-kladnitsa-50-ml-tsena
123,2349,5631,38005003151059,Билкова тинктура Медуница - Хербалкан - 50 мл.,Хербалкан,17575,nearest: herbal preparation group,LG Length - cm; LH Width - cm; LI Height - cm; LY Country/Region of Origin,"Closest available template category selected: Health & Household / Vitamins, Minerals & Supplements / Herbal Supplements / Marshmallow Root Herbal Supplements; Unsupported barcode format: 38005003151059",https://stoletnika.eu/product/herbalkan-bilkova-tinktura-medunitsa-50-ml-tsena
124,2350,5633,3800500315911,Билкова тинктура Тученица - Хербалкан - 50 мл.,Хербалкан,17643,nearest: antioxidant/nutritional combination group,LG Length - cm; LH Width - cm; LI Height - cm; LY Country/Region of Origin,"Closest available template category selected: Health & Household / Vitamins, Minerals & Supplements / Antioxidants / Antioxidant Combination Nutritional Supplements",https://stoletnika.eu/product/herbalkan-bilkova-tinktura-tuchenitsa-50-ml-tsena
125,2351,5635,3800500315775,Билкова тинктура Чага - Хербалкан - 50 мл.,Хербалкан,17527,nearest: principal product ingredient,LG Length - cm; LH Width - cm; LI Height - cm; LY Country/Region of Origin,"Closest available template category selected: Health & Household / Vitamins, Minerals & Supplements / Herbal Supplements / Mushrooms Herbal Supplements",https://stoletnika.eu/product/herbalkan-bilkova-tinktura-chaga-50-ml-tsena
126,2352,5637,3800500315645,Билкова тинктура Уснеа - Хербалкан - 50 мл.,Хербалкан,17575,nearest: herbal preparation group,LG Length - cm; LH Width - cm; LI Height - cm; LY Country/Region of Origin,"Closest available template category selected: Health & Household / Vitamins, Minerals & Supplements / Herbal Supplements / Marshmallow Root Herbal Supplements",https://stoletnika.eu/product/herbalkan-bilkova-tinktura-usnea-50-ml-tsena
127,2353,5639,38005003151004,Билкова тинктура Горчив Еликсир - Хербалкан - 50 мл.,Хербалкан,17529,nearest: leaf/whole-herb extract group,LG Length - cm; LH Width - cm; LI Height - cm; LY Country/Region of Origin,"Closest available template category selected: Health & Household / Vitamins, Minerals & Supplements / Herbal Supplements / Nettle Herbal Supplements; Unsupported barcode format: 38005003151004",https://stoletnika.eu/product/herbalkan-bilkova-tinktura-gorchiv-eliksir-50-ml-tsena
128,2354,5641,3800500315690,Хербалкан Билкова тинктура Парабаланс за деца - 50 мл.,Хербалкан,17505,nearest: plant-root/leaf herbal extract group,LG Length - cm; LH Width - cm; LI Height - cm; LY Country/Region of Origin,"Closest available template category selected: Health & Household / Vitamins, Minerals & Supplements / Herbal Supplements / Artichoke Herbal Supplements",https://stoletnika.eu/product/herbalkan-bilkova-tinktura-parabalans-za-detsa-antiparazitna-programa-50-ml-tsena
129,2355,5643,38005003151080,Билкова тинктура Тийн Херб (без алкохол) - Хербалкан - 50 мл.,Хербалкан,17505,nearest: plant-root/leaf herbal extract group,LG Length - cm; LH Width - cm; LI Height - cm; LY Country/Region of Origin,"Closest available template category selected: Health & Household / Vitamins, Minerals & Supplements / Herbal Supplements / Artichoke Herbal Supplements; Unsupported barcode format: 38005003151080",https://stoletnika.eu/product/herbalkan-bilkova-tinktura-teen-herb-bez-alkohol-50-ml-tsena
130,2357,5647,3800500315874,Билкова тинктура Джинджифил и Куркума /от свежи билки/- Хербалкан - 50 мл.,Хербалкан,17516,title,LG Length - cm; LH Width - cm; LI Height - cm; LY Country/Region of Origin,,https://stoletnika.eu/product/herbalkan-bilkova-tinktura-dzhindzhifil-kurkuma-ot-sveja-bilka-50-ml-tsena
131,2377,5687,3800500315522,Билкова тинктура АИ10ХЕРБ (Al10HERB) - Хербалкан - 50 мл.,Хербалкан,17633,nearest: botanical bark-extract group,LG Length - cm; LH Width - cm; LI Height - cm; LY Country/Region of Origin,"Closest available template category selected: Health & Household / Vitamins, Minerals & Supplements / Antioxidants / French Maritime Pine Bark Extract Supplements",https://stoletnika.eu/product/herbalkan-bilkova-tinktura-ai10herb-50-ml-tsena
132,2378,5689,3800500315515,Билкова тинктура АВ15-350ХЕРБ11 (AV15-350HERB11) - Хербалкан - 50 мл.,Хербалкан,17506,nearest: declared composition,LG Length - cm; LH Width - cm; LI Height - cm; LY Country/Region of Origin,"Closest available template category selected: Health & Household / Vitamins, Minerals & Supplements / Herbal Supplements / Astragalus Herbal Supplements",https://stoletnika.eu/product/herbalkan-bilkova-tinktura-av15-350herb11-50-ml-tsena
133,2379,5691,3800500315508,Билкова тинктура АВ15-350ХЕРБ9 (AV15-350HERB9) - Хербалкан - 50 мл.,Хербалкан,17506,nearest: declared composition,LG Length - cm; LH Width - cm; LI Height - cm; LY Country/Region of Origin,"Closest available template category selected: Health & Household / Vitamins, Minerals & Supplements / Herbal Supplements / Astragalus Herbal Supplements",https://stoletnika.eu/product/herbalkan-bilkova-tinktura-av15-350herb9-50-ml-tsena
134,2380,5693,38005003151127,Билкова тинктура Лъвска грива (Херициум) без алкохол - Хербалкан - 50 мл.,Хербалкан,17527,nearest: principal product ingredient,LG Length - cm; LH Width - cm; LI Height - cm; LY Country/Region of Origin,"Closest available template category selected: Health & Household / Vitamins, Minerals & Supplements / Herbal Supplements / Mushrooms Herbal Supplements; Unsupported barcode format: 38005003151127",https://stoletnika.eu/product/herbalkan-bilkova-tinktura-lavska-griva-heritsium-bez-alkohol-50-ml-tsena
135,3329,7596,3800500315942,Хербалкан Билкова тинктура Детокс Плюс - За пречистване на черния дроб и лимфата - 50 мл.,Хербалкан,17526,nearest: declared composition,LG Length - cm; LH Width - cm; LI Height - cm; LY Country/Region of Origin,"Closest available template category selected: Health & Household / Vitamins, Minerals & Supplements / Herbal Supplements / Milk Thistle Herbal Supplements",https://stoletnika.eu/product/herbalkan-bilkova-tinktura-detoks-plus-prechistvane-na-cheren-drob-i-limfa-50-ml-tsena
136,3330,7598,3800500315430,Хербалкан Билков чай Детокс - 150 гр.,Хербалкан,17529,first declared ingredient,HT 1055 - Product Dosage Form; LG Length - cm; LH Width - cm; LI Height - cm; LY Country/Region of Origin,Confirm category selected by the first declared ingredient,https://stoletnika.eu/product/herbalkan-bilkov-chai-detoks-150gr-tsena
137,3331,7600,3800500315454,Хербалкан Билков чай Антивирусен - 150 гр.,Хербалкан,17532,nearest: aromatic-herb group,HT 1055 - Product Dosage Form; LG Length - cm; LH Width - cm; LI Height - cm; LY Country/Region of Origin,"Closest available template category selected: Health & Household / Vitamins, Minerals & Supplements / Herbal Supplements / Oregano Herbal Supplements",https://stoletnika.eu/product/herbalkan-bilkov-chai-antivirusen-150gr-tsena
138,3332,7602,3800500315461,Хербалкан Билков чай Простата - 150 гр.,Хербалкан,17560,nearest: fruit/berry extract group,HT 1055 - Product Dosage Form; LG Length - cm; LH Width - cm; LI Height - cm; LY Country/Region of Origin,"Closest available template category selected: Health & Household / Vitamins, Minerals & Supplements / Herbal Supplements / Fruit Extracts / Bilberry Herbal Supplements",https://stoletnika.eu/product/herbalkan-bilkov-chai-prostata-150gr-tsena
139,3333,7604,3800500315447,Хербалкан Билков чай Здрави Кости и стави - 150 гр.,Хербалкан,17529,first declared ingredient,HT 1055 - Product Dosage Form; LG Length - cm; LH Width - cm; LI Height - cm; LY Country/Region of Origin,Confirm category selected by the first declared ingredient,https://stoletnika.eu/product/herbalkan-bilkov-chai-za-kosti-i-stavi-150gr-tsena
140,3334,7606,3800500315959,Хербалкан Билков чай Бъбреци - 150 гр.,Хербалкан,17560,nearest: fruit/berry extract group,HT 1055 - Product Dosage Form; LG Length - cm; LH Width - cm; LI Height - cm; LY Country/Region of Origin,"Closest available template category selected: Health & Household / Vitamins, Minerals & Supplements / Herbal Supplements / Fruit Extracts / Bilberry Herbal Supplements",https://stoletnika.eu/product/herbalkan-bilkov-chai-za-babretsi-150gr-tsena
141,4130,9000,38005003151196,"Билкова тинктура Кануфер (Калоферче,Tanacetum balsamita) - Хербалкан - 50 мл.",Хербалкан,17509,nearest: general herbal preparation group; exact leaf absent,LG Length - cm; LH Width - cm; LI Height - cm; LY Country/Region of Origin,"Closest available template category selected: Health & Household / Vitamins, Minerals & Supplements / Herbal Supplements / Chamomile Herbal Supplements; Unsupported barcode format: 38005003151196",https://stoletnika.eu/product/herbalkan-bilkova-tinktura-kanufer-kaloferche-50-ml-tsena
142,4131,9002,38005003151165,Билкова тинктура Леска кора (Corylus avellana) - Хербалкан - 50 мл.,Хербалкан,17633,nearest: botanical bark-extract group,LG Length - cm; LH Width - cm; LI Height - cm; LY Country/Region of Origin,"Closest available template category selected: Health & Household / Vitamins, Minerals & Supplements / Antioxidants / French Maritime Pine Bark Extract Supplements; Unsupported barcode format: 38005003151165",https://stoletnika.eu/product/herbalkan-bilkova-tinktura-leska-kora-50-ml-tsena
143,4132,9004,38005003151189,Билкова тинктура Дамяна (Turnera diffusa) - Хербалкан - 50 мл.,Хербалкан,17509,nearest: general herbal preparation group; exact leaf absent,LG Length - cm; LH Width - cm; LI Height - cm; LY Country/Region of Origin,"Closest available template category selected: Health & Household / Vitamins, Minerals & Supplements / Herbal Supplements / Chamomile Herbal Supplements; Unsupported barcode format: 38005003151189",https://stoletnika.eu/product/herbalkan-bilkova-tinktura-damqna-50-ml-tsena
144,4133,9006,38005003151172,Билкова тинктура Шлемник байкалски (Scutellaria baicalensis) - Хербалкан - 50 мл.,Хербалкан,17718,nearest: herbal/nutritional relaxation product group,LG Length - cm; LH Width - cm; LI Height - cm; LY Country/Region of Origin,"Closest available template category selected: Health & Household / Vitamins, Minerals & Supplements / Herbal & Nutritional Sleep Supplements; Unsupported barcode format: 38005003151172",https://stoletnika.eu/product/herbalkan-bilkova-tinktura-shlemnik-baikalski-50-ml-tsena
145,4902,10208,ST-4902-10208,Хербалкан Билкова тинктура Простаоно - При проблеми с простатната жлеза и пикочния мехур - 50 мл.,Хербалкан,17509,nearest: general herbal preparation group; exact leaf absent,LG Length - cm; LH Width - cm; LI Height - cm; LY Country/Region of Origin,"Closest available template category selected: Health & Household / Vitamins, Minerals & Supplements / Herbal Supplements / Chamomile Herbal Supplements",https://stoletnika.eu/product/herbalkan-bilkova-tinktura-prostaono-50-ml-tsena
146,4903,10210,ST-4903-10210,Хербалкан Билкова тинктура Гастрохерб - При храносмилателни проблеми и киселини - 50 мл.,Хербалкан,17595,nearest: digestive nutritional product group,LG Length - cm; LH Width - cm; LI Height - cm; LY Country/Region of Origin,"Closest available template category selected: Health & Household / Vitamins, Minerals & Supplements / Enzymes / Multi-Enzyme Nutritional Supplements",https://stoletnika.eu/product/herbalkan-bilkova-tinktura-gastroherb-pri-kiselini-50-ml-tsena
147,4904,10212,ST-4904-10212,Парахерб - антипапатогенна програма - Хербалкан - 90 капсули,Хербалкан,17509,nearest: general herbal preparation group; exact leaf absent,LG Length - cm; LH Width - cm; LI Height - cm; LY Country/Region of Origin,"Closest available template category selected: Health & Household / Vitamins, Minerals & Supplements / Herbal Supplements / Chamomile Herbal Supplements",https://stoletnika.eu/product/herbalkan-bilkova-antiparazitna-programa-90kaps-tsena
148,4905,10214,ST-4905-10214,Хербалкан Билкова тинктура Лайфхерб - подобрява метаболизма и кръвообращението - 50 мл.,Хербалкан,17539,nearest: declared composition,LG Length - cm; LH Width - cm; LI Height - cm; LY Country/Region of Origin,"Closest available template category selected: Health & Household / Vitamins, Minerals & Supplements / Herbal Supplements / Turmeric Herbal Supplements",https://stoletnika.eu/product/herbalkan-bilkova-tinktura-lifeherb-50-ml-tsena
149,4906,10216,ST-4906-10216,Хербалкан Билкова тинктура Ерахерб - адаптогени за управление хормоните на стреса - 50 мл.,Хербалкан,17509,nearest: general herbal preparation group; exact leaf absent,LG Length - cm; LH Width - cm; LI Height - cm; LY Country/Region of Origin,"Closest available template category selected: Health & Household / Vitamins, Minerals & Supplements / Herbal Supplements / Chamomile Herbal Supplements",https://stoletnika.eu/product/herbalkan-bilkova-tinktura-eraherb-50-ml-tsena
150,4907,10218,ST-4907-10218,Синбиотик с кръвен здравец - Хербалкан - 60 капсули,Хербалкан,17689,nearest: principal product ingredient,LG Length - cm; LH Width - cm; LI Height - cm; LY Country/Region of Origin,"Closest available template category selected: Health & Household / Vitamins, Minerals & Supplements / Digestive Supplements / Probiotics / Acidophilus Nutritional Supplements",https://stoletnika.eu/product/herbalkan-sinbiotik-s-kraven-zdravets-60kaps-tsena
151,4908,10220,ST-4908-10220,Синбиотик с цикория и златна пръчица - Хербалкан - 60 капсули,Хербалкан,17689,nearest: principal product ingredient,LG Length - cm; LH Width - cm; LI Height - cm; LY Country/Region of Origin,"Closest available template category selected: Health & Household / Vitamins, Minerals & Supplements / Digestive Supplements / Probiotics / Acidophilus Nutritional Supplements",https://stoletnika.eu/product/herbalkan-sinbiotik-s-tsikoria-zlatna-prachitsa-60kaps-tsena
152,4909,10222,ST-4909-10222,Синбиотик със шафран - Хербалкан - 60 капсули,Хербалкан,17689,nearest: principal product ingredient,LG Length - cm; LH Width - cm; LI Height - cm; LY Country/Region of Origin,"Closest available template category selected: Health & Household / Vitamins, Minerals & Supplements / Digestive Supplements / Probiotics / Acidophilus Nutritional Supplements",https://stoletnika.eu/product/herbalkan-sinbiotik-s-shafran-60kaps-tsena
153,4910,10224,ST-4910-10224,Хербалкан Билкова тинктура Урохерб - за уринарния тракт и бъбреците - 50 мл.,Хербалкан,17529,nearest: leaf/whole-herb extract group,LG Length - cm; LH Width - cm; LI Height - cm; LY Country/Region of Origin,"Closest available template category selected: Health & Household / Vitamins, Minerals & Supplements / Herbal Supplements / Nettle Herbal Supplements",https://stoletnika.eu/product/herbalkan-bilkova-tinktura-uroherb-50-ml-tsena
154,4911,10226,ST-4911-10226,Хербалкан Билков спрей за нос Rock Rose - 30 мл.,Хербалкан,17532,nearest: declared composition,LG Length - cm; LH Width - cm; LI Height - cm; LY Country/Region of Origin,"Closest available template category selected: Health & Household / Vitamins, Minerals & Supplements / Herbal Supplements / Oregano Herbal Supplements; Unsupported barcode format: 38005003151134",https://stoletnika.eu/product/herbalkan-bilkov-sprei-za-nos-rock-rose-30-ml-tsena
155,4912,10228,ST-4912-10228,Хербалкан Билкова тинктура Лайка и мента - 50 мл.,Хербалкан,17509,title,LG Length - cm; LH Width - cm; LI Height - cm; LY Country/Region of Origin,Unsupported barcode format: 38005003151141,https://stoletnika.eu/product/herbalkan-bilkova-tinktura-laika-i-menta-50-ml-tsena
156,4913,10230,ST-4913-10230,Хербалкан Билкова тинктура Хвощ планински- 50 мл.,Хербалкан,17529,nearest: leaf/whole-herb extract group,LG Length - cm; LH Width - cm; LI Height - cm; LY Country/Region of Origin,"Closest available template category selected: Health & Household / Vitamins, Minerals & Supplements / Herbal Supplements / Nettle Herbal Supplements; Unsupported barcode format: 38005003151103",https://stoletnika.eu/product/herbalkan-bilkova-tinktura-hvosht-50-ml-tsena
157,4936,10287,ST-4936-10287,Хербалкан Билкова тинктура Лифт Тонус - укрепва имунитета - 50 мл.,Хербалкан,17506,nearest: declared composition,LG Length - cm; LH Width - cm; LI Height - cm; LY Country/Region of Origin,"Closest available template category selected: Health & Household / Vitamins, Minerals & Supplements / Herbal Supplements / Astragalus Herbal Supplements; Unsupported barcode format: 38005003151110",https://stoletnika.eu/product/herbalkan-bilkova-tinktura-lift-tonus-50-ml-tsena
158,4937,10289,ST-4937-10289,Хербалкан Билкова тинктура Горска ягода лист (от свежа билка) - 50 мл.,Хербалкан,17529,nearest: leaf/whole-herb extract group,LG Length - cm; LH Width - cm; LI Height - cm; LY Country/Region of Origin,"Closest available template category selected: Health & Household / Vitamins, Minerals & Supplements / Herbal Supplements / Nettle Herbal Supplements",https://stoletnika.eu/product/herbalkan-bilkova-tinktura-gorska-qgoda-list-sveja-bilka-50-ml-tsena
159,5314,11070,ST-5314-11070,Хербалкан Билкова тинктура Гастрохерб за деца - 50 мл.,Хербалкан,17509,nearest: declared composition,LG Length - cm; LH Width - cm; LI Height - cm; LY Country/Region of Origin,"Closest available template category selected: Health & Household / Vitamins, Minerals & Supplements / Herbal Supplements / Chamomile Herbal Supplements; Unsupported barcode format: 380005003151103",https://stoletnika.eu/product/herbalkan-bilkova-tinktura-gastroherb-za-detsa-50-ml-tsena
160,5315,11072,ST-5315-11072,Билкова тинктура Предменструален билков комплекс - Хербалкан - 50 мл.,Хербалкан,17705,title,LG Length - cm; LH Width - cm; LI Height - cm; LY Country/Region of Origin,,https://stoletnika.eu/product/herbalkan-bilkova-tinktura-zhenska-grizha-hormonalen-balans-50-ml-tsena-1
161,5317,11076,ST-5317-11076,Билкова тинктура Лопен - Хербалкан - 50 мл.,Хербалкан,17575,nearest: herbal preparation group,LG Length - cm; LH Width - cm; LI Height - cm; LY Country/Region of Origin,"Closest available template category selected: Health & Household / Vitamins, Minerals & Supplements / Herbal Supplements / Marshmallow Root Herbal Supplements; Unsupported barcode format: 38005003151288",https://stoletnika.eu/product/herbalkan-bilkova-tinktura-lopen-50-ml-tsena
162,5318,11078,ST-5318-11078,Билкова тинктура Решетка корен - Хербалкан - 50 мл.,Хербалкан,17509,nearest: flower/herb extract group,LG Length - cm; LH Width - cm; LI Height - cm; LY Country/Region of Origin,"Closest available template category selected: Health & Household / Vitamins, Minerals & Supplements / Herbal Supplements / Chamomile Herbal Supplements; Unsupported barcode format: 38005003151295",https://stoletnika.eu/product/herbalkan-bilkova-tinktura-reshetka-koren-50-ml-tsena
163,5319,11080,ST-5319-11080,Билкова тинктура Менобаланс - Хербалкан - 50 мл.,Хербалкан,17509,nearest: flower/herb extract group,LG Length - cm; LH Width - cm; LI Height - cm; LY Country/Region of Origin,"Closest available template category selected: Health & Household / Vitamins, Minerals & Supplements / Herbal Supplements / Chamomile Herbal Supplements",https://stoletnika.eu/product/herbalkan-bilkova-tinktura-menobalans-50-ml-tsena
164,5320,11082,ST-5320-11082,Билкова тинктура Коноп семе и Лъвска грива - Хербалкан - 50 мл.,Хербалкан,17527,nearest: principal product ingredient,LG Length - cm; LH Width - cm; LI Height - cm; LY Country/Region of Origin,"Closest available template category selected: Health & Household / Vitamins, Minerals & Supplements / Herbal Supplements / Mushrooms Herbal Supplements",https://stoletnika.eu/product/herbalkan-bilkova-tinktura-konop-seme-lavska-griva-50-ml-tsena
165,5321,11084,ST-5321-11084,Билкова тинктура Енурезис Херб - за деца и възрастни - Хербалкан - 50 мл.,Хербалкан,17560,nearest: fruit/berry extract group,LG Length - cm; LH Width - cm; LI Height - cm; LY Country/Region of Origin,"Closest available template category selected: Health & Household / Vitamins, Minerals & Supplements / Herbal Supplements / Fruit Extracts / Bilberry Herbal Supplements",https://stoletnika.eu/product/herbalkan-bilkova-tinktura-enurezis-herb-za-detsa-vazrastni-50-ml-tsena
166,5322,11086,ST-5322-11086,Билкова тинктура Уреа ПЛ Херб - Хербалкан - 50 мл.,Хербалкан,17532,nearest: aromatic-herb group,LG Length - cm; LH Width - cm; LI Height - cm; LY Country/Region of Origin,"Closest available template category selected: Health & Household / Vitamins, Minerals & Supplements / Herbal Supplements / Oregano Herbal Supplements",https://stoletnika.eu/product/herbalkan-bilkova-tinktura-urea-pl-herb-50-ml-tsena
167,5323,11088,ST-5323-11088,Билкова тинктура Хербалкан сън - Хербалкан - 50 мл.,Хербалкан,17718,nearest: herbal/nutritional relaxation product group,LG Length - cm; LH Width - cm; LI Height - cm; LY Country/Region of Origin,"Closest available template category selected: Health & Household / Vitamins, Minerals & Supplements / Herbal & Nutritional Sleep Supplements",https://stoletnika.eu/product/herbalkan-bilkova-tinktura-herbalkan-san-50-ml-tsena
168,5324,11090,ST-5324-11090,Билкова тинктура Феро Херб - Желязосъдържащи билки - Хербалкан - 50 мл.,Хербалкан,17612,title,LG Length - cm; LH Width - cm; LI Height - cm; LY Country/Region of Origin,,https://stoletnika.eu/product/herbalkan-bilkova-tinktura-fero-herb-jelqzosadarjashti-bilki-50-ml-tsena
169,5325,11092,ST-5325-11092,Билкова тинктура 5 Гъби - Бета глюкани - Хербалкан - 50 мл.,Хербалкан,17527,title,LG Length - cm; LH Width - cm; LI Height - cm; LY Country/Region of Origin,,https://stoletnika.eu/product/herbalkan-bilkova-tinktura-5-gubi-beta-glukani-50-ml-tsena
170,5447,11343,ST-5447-11343,Билкова тинктура Холестерол Херб - Хербалкан - 50 мл.,Хербалкан,17505,nearest: plant-root/leaf herbal extract group,LG Length - cm; LH Width - cm; LI Height - cm; LY Country/Region of Origin,"Closest available template category selected: Health & Household / Vitamins, Minerals & Supplements / Herbal Supplements / Artichoke Herbal Supplements",https://stoletnika.eu/product/herbalkan-bilkova-tinktura-holesterol-herb-50-ml-tsena
171,5476,11401,ST-5476-11401,Билкова тинктура Коноп (Cannabis sativa seeds) - Хербалкан - 50 мл.,Хербалкан,17509,nearest: general herbal preparation group; exact leaf absent,LG Length - cm; LH Width - cm; LI Height - cm; LY Country/Region of Origin,"Closest available template category selected: Health & Household / Vitamins, Minerals & Supplements / Herbal Supplements / Chamomile Herbal Supplements",https://stoletnika.eu/product/herbalkan-bilkova-tinktura-konop-cannabis-sativa-50-ml-tsena
172,5477,11403,ST-5477-11403,Билкова тинктура Шафранов минзухар - Хербалкан - 50 мл.,Хербалкан,17509,nearest: flower/herb extract group,LG Length - cm; LH Width - cm; LI Height - cm; LY Country/Region of Origin,"Closest available template category selected: Health & Household / Vitamins, Minerals & Supplements / Herbal Supplements / Chamomile Herbal Supplements",https://stoletnika.eu/product/herbalkan-bilkova-tinktura-shafranov-minzuhar-50-ml-tsena
173,5478,11405,ST-5478-11405,Хербалкан Билкова тинктура Детокс за деца - 50 мл.,Хербалкан,17526,nearest: declared composition,LG Length - cm; LH Width - cm; LI Height - cm; LY Country/Region of Origin,"Closest available template category selected: Health & Household / Vitamins, Minerals & Supplements / Herbal Supplements / Milk Thistle Herbal Supplements",https://stoletnika.eu/product/herbalkan-bilkova-tinktura-detoks-za-detsa-50-ml-tsena
174,5479,11407,ST-5479-11407,Хербалкан Билкова тинктура Бронхо Херб за деца - 50 мл.,Хербалкан,17529,nearest: leaf/whole-herb extract group,LG Length - cm; LH Width - cm; LI Height - cm; LY Country/Region of Origin,"Closest available template category selected: Health & Household / Vitamins, Minerals & Supplements / Herbal Supplements / Nettle Herbal Supplements",https://stoletnika.eu/product/herbalkan-bilkova-tinktura-bronho-herb-za-detsa-50-ml-tsena
175,5480,11409,ST-5480-11409,Хербалкан Билкова тинктура Релакс Кидс за деца - 50 мл.,Хербалкан,17718,nearest: herbal/nutritional relaxation product group,LG Length - cm; LH Width - cm; LI Height - cm; LY Country/Region of Origin,"Closest available template category selected: Health & Household / Vitamins, Minerals & Supplements / Herbal & Nutritional Sleep Supplements",https://stoletnika.eu/product/herbalkan-bilkova-tinktura-relax-kids-za-detsa-50-ml-tsena
176,5481,11411,ST-5481-11411,"Билкова програма ""Антипаразитна програма"" - Хербалкан - 4 билкови продукта",Хербалкан,17550,nearest: declared composition,HT 1055 - Product Dosage Form; LG Length - cm; LH Width - cm; LI Height - cm; LY Country/Region of Origin,"Closest available template category selected: Health & Household / Vitamins, Minerals & Supplements / Herbal Supplements / Holy Basil; Multiple composition sections in source: verify against the label; Mixed promotional bundle: verify category, component labels and quantities; Unsupported barcode format: 12100",https://stoletnika.eu/product/herbalkan-bilkova-programa-antiparazitna-programa-4-bilkovi-produkta-tsena
177,5482,11413,ST-5482-11413,"Билкова програма ""Подобряване на усвояването на витамин D"" - Хербалкан - 3 билкови продукта",Хербалкан,17708,nearest: principal product ingredient,HT 1055 - Product Dosage Form; LG Length - cm; LH Width - cm; LI Height - cm; LY Country/Region of Origin,"Closest available template category selected: Health & Household / Vitamins, Minerals & Supplements / Vitamins / Vitamin D Supplements; Mixed promotional bundle: verify category, component labels and quantities",https://stoletnika.eu/product/herbalkan-bilkova-programa-podobrqvane-usvoqvaneto-vitamin-d-3-bilkovi-produkta-tsena
178,5483,11415,ST-5483-11415,"Билкова програма ""Бял дроб"" - Хербалкан - 3 билкови продукта",Хербалкан,17509,nearest: general herbal preparation group; exact leaf absent,HT 1055 - Product Dosage Form; LG Length - cm; LH Width - cm; LI Height - cm; LY Country/Region of Origin,"Closest available template category selected: Health & Household / Vitamins, Minerals & Supplements / Herbal Supplements / Chamomile Herbal Supplements; Mixed promotional bundle: verify category, component labels and quantities",https://stoletnika.eu/product/herbalkan-bilkova-programa-bql-drob-3-bilkovi-produkta-tsena
179,5484,11417,ST-5484-11417,"Билкова програма ""Акне вулгарис"" без алкохол - Хербалкан - 3 билкови продукта",Хербалкан,17575,nearest: herbal preparation group,HT 1055 - Product Dosage Form; LG Length - cm; LH Width - cm; LI Height - cm; LY Country/Region of Origin,"Closest available template category selected: Health & Household / Vitamins, Minerals & Supplements / Herbal Supplements / Marshmallow Root Herbal Supplements; Multiple composition sections in source: verify against the label; Mixed promotional bundle: verify category, component labels and quantities",https://stoletnika.eu/product/herbalkan-bilkova-programa-akne-bez-alkohol-3-bilkovi-produkta-tsena
180,5485,11419,ST-5485-11419,"Билкова програма ""Антипаразитна програма без алкохол"" - Хербалкан - 5 билкови продукта",Хербалкан,17550,nearest: declared composition,HT 1055 - Product Dosage Form; LG Length - cm; LH Width - cm; LI Height - cm; LY Country/Region of Origin,"Closest available template category selected: Health & Household / Vitamins, Minerals & Supplements / Herbal Supplements / Holy Basil; Multiple composition sections in source: verify against the label; Mixed promotional bundle: verify category, component labels and quantities",https://stoletnika.eu/product/herbalkan-bilkova-programa-antiparazitna-programa-bez-alkohol-5-bilkovi-produkta-tsena
181,5486,11421,ST-5486-11421,"Билкова програма ""Антипаразитна програма със синбиотик"" - Хербалкан - 5 билкови продукта",Хербалкан,17689,nearest: principal product ingredient,HT 1055 - Product Dosage Form; LG Length - cm; LH Width - cm; LI Height - cm; LY Country/Region of Origin,"Closest available template category selected: Health & Household / Vitamins, Minerals & Supplements / Digestive Supplements / Probiotics / Acidophilus Nutritional Supplements; Multiple composition sections in source: verify against the label; Mixed promotional bundle: verify category, component labels and quantities",https://stoletnika.eu/product/herbalkan-bilkova-programa-antiparazitna-programa-sas-sinbiotik-5-bilkovi-produkta-tsena
182,5487,11423,ST-5487-11423,"Билкова програма ""Основен зимен пакет"" - Хербалкан - 3 билкови продукта",Хербалкан,17512,nearest: declared composition,HT 1055 - Product Dosage Form; LG Length - cm; LH Width - cm; LI Height - cm; LY Country/Region of Origin,"Closest available template category selected: Health & Household / Vitamins, Minerals & Supplements / Herbal Supplements / Echinacea Herbal Supplements; Multiple composition sections in source: verify against the label; Mixed promotional bundle: verify category, component labels and quantities",https://stoletnika.eu/product/herbalkan-bilkova-programa-osnoven-zimen-paket-3-bilkovi-produkta-tsena
183,5488,11425,ST-5488-11425,"Билкова програма ""Антивирусна програма"" - Хербалкан - 4 билкови продукта",Хербалкан,17515,nearest: garlic-type herb group,HT 1055 - Product Dosage Form; LG Length - cm; LH Width - cm; LI Height - cm; LY Country/Region of Origin,"Closest available template category selected: Health & Household / Vitamins, Minerals & Supplements / Herbal Supplements / Garlic Herbal Supplements; Multiple composition sections in source: verify against the label; Mixed promotional bundle: verify category, component labels and quantities; Unsupported barcode format: 12600",https://stoletnika.eu/product/herbalkan-bilkova-programa-antivirusna-programa-4-bilkovi-produkta-tsena
184,5489,11427,ST-5489-11427,"Билкова програма ""Пролетни алергии / Сенна хрема"" - Хербалкан - 3 билкови продукта",Хербалкан,17539,nearest: declared composition,HT 1055 - Product Dosage Form; LG Length - cm; LH Width - cm; LI Height - cm; LY Country/Region of Origin,"Closest available template category selected: Health & Household / Vitamins, Minerals & Supplements / Herbal Supplements / Turmeric Herbal Supplements; Multiple composition sections in source: verify against the label; Mixed promotional bundle: verify category, component labels and quantities",https://stoletnika.eu/product/herbalkan-bilkova-programa-proletni-alergii-senna-hrema-3-bilkovi-produkta-tsena
185,5490,11429,ST-5490-11429,"Билкова програма ""Лаймска болест"" - Хербалкан - 6 билкови продукта",Хербалкан,17635,nearest: declared composition,HT 1055 - Product Dosage Form; LG Length - cm; LH Width - cm; LI Height - cm; LY Country/Region of Origin,"Closest available template category selected: Health & Household / Vitamins, Minerals & Supplements / Antioxidants / Polyphenol / Grape Seed Extract Herbal Supplements; Multiple composition sections in source: verify against the label; Mixed promotional bundle: verify category, component labels and quantities; Unsupported barcode format: 12500",https://stoletnika.eu/product/herbalkan-bilkova-programa-laimska-bolest-6-bilkovi-produkta-tsena
186,5614,11678,ST-5614-11678,Билкова тинктура Трицветна теменуга - Хербалкан - 50 мл.,Хербалкан,17509,nearest: flower/herb extract group,LG Length - cm; LH Width - cm; LI Height - cm; LY Country/Region of Origin,"Closest available template category selected: Health & Household / Vitamins, Minerals & Supplements / Herbal Supplements / Chamomile Herbal Supplements",https://stoletnika.eu/product/herbalkan-bilkova-tinktura-tritsvetna-temenuga-50-ml-tsena
187,5615,11680,ST-5615-11680,Билкова тинктура Кудзу - Хербалкан - 50 мл.,Хербалкан,17509,nearest: general herbal preparation group; exact leaf absent,LG Length - cm; LH Width - cm; LI Height - cm; LY Country/Region of Origin,"Closest available template category selected: Health & Household / Vitamins, Minerals & Supplements / Herbal Supplements / Chamomile Herbal Supplements",https://stoletnika.eu/product/herbalkan-bilkova-tinktura-kudzu-50-ml-tsena
188,5616,11682,ST-5616-11682,Билкова тинктура Сибирски женшен - Елеутерокок - Хербалкан - 50 мл.,Хербалкан,17518,title,LG Length - cm; LH Width - cm; LI Height - cm; LY Country/Region of Origin,,https://stoletnika.eu/product/herbalkan-bilkova-tinktura-sibirski-jenshen-eleuterokok-50-ml-tsena
189,5617,11684,ST-5617-11684,Билкова тинктура Матча Зелен чай - Хербалкан - 50 мл.,Хербалкан,17520,title,LG Length - cm; LH Width - cm; LI Height - cm; LY Country/Region of Origin,,https://stoletnika.eu/product/herbalkan-bilkova-tinktura-matcha-zelen-chai-50-ml-tsena
190,5618,11686,ST-5618-11686,Билкова тинктура Червена боровинка плод - Хербалкан - 50 мл.,Хербалкан,17560,nearest: fruit/berry extract group,LG Length - cm; LH Width - cm; LI Height - cm; LY Country/Region of Origin,"Closest available template category selected: Health & Household / Vitamins, Minerals & Supplements / Herbal Supplements / Fruit Extracts / Bilberry Herbal Supplements",https://stoletnika.eu/product/herbalkan-bilkova-tinktura-chervena-borovinka-plod-50-ml-tsena
191,5619,11688,ST-5619-11688,Билкова тинктура Червена боровинка лист - Хербалкан - 50 мл,Хербалкан,17560,nearest: fruit/berry extract group,LG Length - cm; LH Width - cm; LI Height - cm; LY Country/Region of Origin,"Closest available template category selected: Health & Household / Vitamins, Minerals & Supplements / Herbal Supplements / Fruit Extracts / Bilberry Herbal Supplements",https://stoletnika.eu/product/herbalkan-bilkova-tinktura-chervena-borovinka-list-50-ml-tsena
192,5621,11690,ST-5621-11690,Билкова тинктура Турта - Хербалкан - 50 мл,Хербалкан,17509,nearest: flower/herb extract group,LG Length - cm; LH Width - cm; LI Height - cm; LY Country/Region of Origin,"Closest available template category selected: Health & Household / Vitamins, Minerals & Supplements / Herbal Supplements / Chamomile Herbal Supplements",https://stoletnika.eu/product/herbalkan-bilkova-tinktura-turta-50-ml-tsena
193,5622,11692,ST-5622-11692,Билкова тинктура Прищница - Хербалкан - 50 мл,Хербалкан,17509,nearest: general herbal preparation group; exact leaf absent,LG Length - cm; LH Width - cm; LI Height - cm; LY Country/Region of Origin,"Closest available template category selected: Health & Household / Vitamins, Minerals & Supplements / Herbal Supplements / Chamomile Herbal Supplements",https://stoletnika.eu/product/herbalkan-bilkova-tinktura-prishtnitsa-50-ml-tsena
194,5623,11694,ST-5623-11694,Билкова тинктура Бяла бреза кора - Хербалкан - 50 мл.,Хербалкан,17529,nearest: leaf/whole-herb extract group,LG Length - cm; LH Width - cm; LI Height - cm; LY Country/Region of Origin,"Closest available template category selected: Health & Household / Vitamins, Minerals & Supplements / Herbal Supplements / Nettle Herbal Supplements",https://stoletnika.eu/product/herbalkan-bilkova-tinktura-bqla-breza-kora-50-ml-tsena
195,5624,11696,ST-5624-11696,Билкова тинктура Моминска вратига - Хербалкан - 50 мл.,Хербалкан,17509,nearest: flower/herb extract group,LG Length - cm; LH Width - cm; LI Height - cm; LY Country/Region of Origin,"Closest available template category selected: Health & Household / Vitamins, Minerals & Supplements / Herbal Supplements / Chamomile Herbal Supplements",https://stoletnika.eu/product/herbalkan-bilkova-tinktura-mominska-vratiga-50-ml-tsena
196,5625,11698,ST-5625-11698,Билкова тинктура Иван чай - Хербалкан - 50 мл.,Хербалкан,17509,nearest: general herbal preparation group; exact leaf absent,LG Length - cm; LH Width - cm; LI Height - cm; LY Country/Region of Origin,"Closest available template category selected: Health & Household / Vitamins, Minerals & Supplements / Herbal Supplements / Chamomile Herbal Supplements",https://stoletnika.eu/product/herbalkan-bilkova-tinktura-ivan-chai-50-ml-tsena
197,6060,12462,ST-6060-12462,Билкова тинктура Японска фалопия - Хербалкан - 50 мл.,Хербалкан,17509,nearest: general herbal preparation group; exact leaf absent,LG Length - cm; LH Width - cm; LI Height - cm; LY Country/Region of Origin,"Closest available template category selected: Health & Household / Vitamins, Minerals & Supplements / Herbal Supplements / Chamomile Herbal Supplements",https://stoletnika.eu/product/herbalkan-bilkova-tinktura-qponska-falopia-50-ml-tsena
198,6061,12463,ST-6061-12463,Билкова тинктура Ломатиум (Lomatium dissectum) - Хербалкан - 50 мл.,Хербалкан,17509,nearest: general herbal preparation group; exact leaf absent,LG Length - cm; LH Width - cm; LI Height - cm; LY Country/Region of Origin,"Closest available template category selected: Health & Household / Vitamins, Minerals & Supplements / Herbal Supplements / Chamomile Herbal Supplements",https://stoletnika.eu/product/herbalkan-bilkova-tinktura-lomatium-50-ml-tsena
199,6062,12464,ST-6062-12464,Билкова тинктура Исатис (Isatis tinctoria) - Хербалкан - 50 мл.,Хербалкан,17509,nearest: general herbal preparation group; exact leaf absent,LG Length - cm; LH Width - cm; LI Height - cm; LY Country/Region of Origin,"Closest available template category selected: Health & Household / Vitamins, Minerals & Supplements / Herbal Supplements / Chamomile Herbal Supplements",https://stoletnika.eu/product/herbalkan-bilkova-tinktura-isatis-50-ml-tsena
200,6063,12465,ST-6063-12465,Билкова тинктура Андрографис (Andrographis paniculate) - Хербалкан - 50 мл.,Хербалкан,17569,title,LG Length - cm; LH Width - cm; LI Height - cm; LY Country/Region of Origin,,https://stoletnika.eu/product/herbalkan-bilkova-tinktura-andrografis-50-ml-tsena
201,6064,12466,ST-6064-12466,Билкова тинктура Алхорнея (Alchornea cordifolia) - Хербалкан - 50 мл.,Хербалкан,17509,nearest: general herbal preparation group; exact leaf absent,LG Length - cm; LH Width - cm; LI Height - cm; LY Country/Region of Origin,"Closest available template category selected: Health & Household / Vitamins, Minerals & Supplements / Herbal Supplements / Chamomile Herbal Supplements",https://stoletnika.eu/product/herbalkan-bilkova-tinktura-alhorneq-50-ml-tsena
202,6065,12467,ST-6065-12467,Билкова тинктура Кардамон (Elettaria cardamomum) - Хербалкан - 50 мл.,Хербалкан,17532,nearest: aromatic-herb group,LG Length - cm; LH Width - cm; LI Height - cm; LY Country/Region of Origin,"Closest available template category selected: Health & Household / Vitamins, Minerals & Supplements / Herbal Supplements / Oregano Herbal Supplements",https://stoletnika.eu/product/herbalkan-bilkova-tinktura-kardamon-50-ml-tsena
203,6066,12468,ST-6066-12468,Билкова тинктура Безсмъртниче (Helichrysum italicum) - Хербалкан - 50 мл.,Хербалкан,17509,nearest: flower/herb extract group,LG Length - cm; LH Width - cm; LI Height - cm; LY Country/Region of Origin,"Closest available template category selected: Health & Household / Vitamins, Minerals & Supplements / Herbal Supplements / Chamomile Herbal Supplements",https://stoletnika.eu/product/herbalkan-bilkova-tinktura-bezsmartniche-50-ml-tsena
204,6067,12469,ST-6067-12469,Билкова тинктура Криптолепис (Cryptolepis sanguinolenta) - Хербалкан - 50 мл.,Хербалкан,17685,nearest: dietary-fiber/digestive nutritional product group,LG Length - cm; LH Width - cm; LI Height - cm; LY Country/Region of Origin,"Closest available template category selected: Health & Household / Vitamins, Minerals & Supplements / Digestive Supplements / Dietary Fiber Nutritional Supplements",https://stoletnika.eu/product/herbalkan-bilkova-tinktura-kriptolepis-50-ml-tsena
205,6068,12470,ST-6068-12470,Билкова тинктура Даншен (Salvia miltiorrhiza) - Хербалкан - 50 мл.,Хербалкан,17532,nearest: aromatic-herb group,LG Length - cm; LH Width - cm; LI Height - cm; LY Country/Region of Origin,"Closest available template category selected: Health & Household / Vitamins, Minerals & Supplements / Herbal Supplements / Oregano Herbal Supplements",https://stoletnika.eu/product/herbalkan-bilkova-tinktura-danshen-50-ml-tsena
206,6069,12471,ST-6069-12471,Билкова тинктура МАО Херб 2 - Хербалкан - 50 мл.,Хербалкан,17509,nearest: flower/herb extract group,LG Length - cm; LH Width - cm; LI Height - cm; LY Country/Region of Origin,"Closest available template category selected: Health & Household / Vitamins, Minerals & Supplements / Herbal Supplements / Chamomile Herbal Supplements",https://stoletnika.eu/product/herbalkan-bilkova-tinktura-mao-herb-2-50-ml-tsena
207,6070,12472,ST-6070-12472,Билков спрей за нос с прополис за деца над 3 г. - Хербалкан - 30 мл.,Хербалкан,17605,nearest: bee-product supplement group,LG Length - cm; LH Width - cm; LI Height - cm; LY Country/Region of Origin,"Closest available template category selected: Health & Household / Vitamins, Minerals & Supplements / Royal Jelly Nutritional Supplements",https://stoletnika.eu/product/herbalkan-bilkov-sprei-za-nos-propolis-za-detsa-30-ml-tsena
208,6166,12652,ST-6166-12652,"Билкова тинктура Муладхара (Първа чакра, Коренна) - Хербалкан - 50 мл.",Хербалкан,17505,nearest: plant-root/leaf herbal extract group,LG Length - cm; LH Width - cm; LI Height - cm; LY Country/Region of Origin,"Closest available template category selected: Health & Household / Vitamins, Minerals & Supplements / Herbal Supplements / Artichoke Herbal Supplements",https://stoletnika.eu/product/herbalkan-bilkova-tinktura-korenna-chakra-muladhara-parva-chakra-50-ml-tsena
209,6167,12653,ST-6167-12653,"Билкова тинктура Свадхищхана (Втора чакра, Сакрална) - Хербалкан - 50 мл.",Хербалкан,17509,nearest: flower/herb extract group,LG Length - cm; LH Width - cm; LI Height - cm; LY Country/Region of Origin,"Closest available template category selected: Health & Household / Vitamins, Minerals & Supplements / Herbal Supplements / Chamomile Herbal Supplements",https://stoletnika.eu/product/herbalkan-bilkova-tinktura-sakralna-chakra-svadhishtana-vtora-chakra-50-ml-tsena
210,6168,12654,ST-6168-12654,"Билкова тинктура Манипура (Трета чакра, Слънчев сплит) - Хербалкан - 50 мл.",Хербалкан,17509,nearest: declared composition,LG Length - cm; LH Width - cm; LI Height - cm; LY Country/Region of Origin,"Closest available template category selected: Health & Household / Vitamins, Minerals & Supplements / Herbal Supplements / Chamomile Herbal Supplements",https://stoletnika.eu/product/herbalkan-bilkova-tinktura-slanchev-split-manipura-treta-chakra-50-ml-tsena
211,6169,12655,ST-6169-12655,"Билкова тинктура Анахата (Четвърта чакра, Сърдечна) - Хербалкан - 50 мл.",Хербалкан,17550,nearest: declared composition,LG Length - cm; LH Width - cm; LI Height - cm; LY Country/Region of Origin,"Closest available template category selected: Health & Household / Vitamins, Minerals & Supplements / Herbal Supplements / Holy Basil",https://stoletnika.eu/product/herbalkan-bilkova-tinktura-sardechna-chakra-anahata-chetvarta-chakra-50-ml-tsena
212,6170,12656,ST-6170-12656,"Билкова тинктура Вишудха (Пета чакра, Гърлена) - Хербалкан - 50 мл.",Хербалкан,17509,nearest: declared composition,LG Length - cm; LH Width - cm; LI Height - cm; LY Country/Region of Origin,"Closest available template category selected: Health & Household / Vitamins, Minerals & Supplements / Herbal Supplements / Chamomile Herbal Supplements",https://stoletnika.eu/product/herbalkan-bilkova-tinktura-garlena-chakra-vishudha-peta-chakra-50-ml-tsena
213,6171,12657,ST-6171-12657,"Билкова тинктура Аджна (Шеста чакра, Третото око) - Хербалкан - 50 мл.",Хербалкан,17509,nearest: flower/herb extract group,LG Length - cm; LH Width - cm; LI Height - cm; LY Country/Region of Origin,"Closest available template category selected: Health & Household / Vitamins, Minerals & Supplements / Herbal Supplements / Chamomile Herbal Supplements",https://stoletnika.eu/product/herbalkan-bilkova-tinktura-tretoto-oko-adjna-shesta-chakra-50-ml-tsena
214,6172,12658,ST-6172-12658,"Билкова тинктура Сахасрара (Седма чакра, Коронна) - Хербалкан - 50 мл.",Хербалкан,17550,nearest: declared composition,LG Length - cm; LH Width - cm; LI Height - cm; LY Country/Region of Origin,"Closest available template category selected: Health & Household / Vitamins, Minerals & Supplements / Herbal Supplements / Holy Basil",https://stoletnika.eu/product/herbalkan-bilkova-tinktura-koronna-sahasrara-sedma-chakra-50-ml-tsena
215,6173,12659,ST-6173-12659,Билкова тинктура Тирозиназа Херб - Хербалкан - 50 мл.,Хербалкан,17635,first declared ingredient,LG Length - cm; LH Width - cm; LI Height - cm; LY Country/Region of Origin,Confirm category selected by the first declared ingredient,https://stoletnika.eu/product/herbalkan-bilkova-tinktura-tirozinaza-herb-50-ml-tsena
216,6174,12660,ST-6174-12660,Echinafootcin Билков спрей за крака - Хербалкан - 50 мл.,Хербалкан,17512,nearest: first declared ingredient,LG Length - cm; LH Width - cm; LI Height - cm; LY Country/Region of Origin,"Closest available template category selected: Health & Household / Vitamins, Minerals & Supplements / Herbal Supplements / Echinacea Herbal Supplements",https://stoletnika.eu/product/herbalkan-bilkov-srei-za-kraka-echinafootcin-50-ml-tsena
217,560,1995,4525 NF,"Natural Factors, Череша Супер концентрат 500 mg х 90 софтгел капсули",Natural Factors,17560,nearest: fruit/berry extract group,LG Length - cm; LH Width - cm; LI Height - cm,"Closest available template category selected: Health & Household / Vitamins, Minerals & Supplements / Herbal Supplements / Fruit Extracts / Bilberry Herbal Supplements",https://stoletnika.eu/product/cheresha-super-kontsentrat-natural-factors-500-mg-kh-90-softgel-kapsuli
218,562,2001,1360 NF,"Витамин С 1000 мг кристали Natural Factors, 125 г",Natural Factors,17707,title,HT 1055 - Product Dosage Form; LG Length - cm; LH Width - cm; LI Height - cm,,https://stoletnika.eu/product/vitamin-s-kristali-natural-factors-1000-mg-125-gr-tsena
219,1915,4738,4547 NF,CoconutRich™ Кокосово масло Extra Virgin - Natural Factors - 120 софтгел капсули,Natural Factors,17663,nearest: nutritional coconut-oil group,LG Length - cm; LH Width - cm; LI Height - cm,"Closest available template category selected: Health & Household / Vitamins, Minerals & Supplements / Mct Oil Nutritional Supplements",https://stoletnika.eu/product/natural-factors-coconutrich-kokosovo-maslo-extra-virgin-120-kapsuli-tsena
220,1916,4740,1341 NF,Витамин С с удължено освобождаване и биофлавоноиди - Natural Factors - 90 табл. по 1000 мг.,Natural Factors,17639,title,LG Length - cm; LH Width - cm; LI Height - cm,,https://stoletnika.eu/product/natural-factors-vitamin-c-udaljeno-osvobozhdavane-i-bioflavoni-90tabl-1000-mg-tsena
221,1981,4872,4524 NF,Echinamide® Ехинацея екстракт 250 mg - Natural Factors - 90 софтгел капсули,Natural Factors,17512,title,LG Length - cm; LH Width - cm; LI Height - cm,,https://stoletnika.eu/product/natural-factors-ehinatseq-ekstrakt-90-kaps-tsena
222,1982,4874,3548 NF,RX Omega-3 Extra Strength (Омега фактор супер концентрат) 1170 mg - Natural Factors - 60 софтгел капсули,Natural Factors,17676,title,LG Length - cm; LH Width - cm; LI Height - cm,,https://stoletnika.eu/product/natural-factors-omega-3-super-kontsentrat-60-kaps-tsena
223,1983,4876,1058 NF,Витамин D3 400 IU /Капки/ - Natural Factors - 15 мл.,Natural Factors,17708,title,LG Length - cm; LH Width - cm; LI Height - cm,Multiple composition sections in source: verify against the label,https://stoletnika.eu/product/natural-factors-vitamin-d3-400iu-15ml-tsena
224,1984,4878,1292 NF,Витамин К2 (MK-7) 120 mcg и D3 1000 IU - Natural Factors - 60 софтгел капсули,Natural Factors,17710,nearest: vitamin K group; K2 leaf absent,LG Length - cm; LH Width - cm; LI Height - cm,"Closest available template category selected: Health & Household / Vitamins, Minerals & Supplements / Vitamins / Vitamin K1 Supplements",https://stoletnika.eu/product/natural-factors-vitamin-k2-i-d3-1000iu-60kaps-tsena
225,1985,4880,0564 PN,Витамин К2+А+D3 (течен) - Natural Factors - 30 мл.,Natural Factors,17710,nearest: vitamin K group; K2 leaf absent,LG Length - cm; LH Width - cm; LI Height - cm,"Closest available template category selected: Health & Household / Vitamins, Minerals & Supplements / Vitamins / Vitamin K1 Supplements; Multiple composition sections in source: verify against the label",https://stoletnika.eu/product/natural-factors-vitamin-k2-a-i-d3-30ml-tsena
226,1986,4882,1050 NF,Витамин D3 1000 IU - Natural Factors - 90 табл.,Natural Factors,17708,title,LG Length - cm; LH Width - cm; LI Height - cm,Multiple composition sections in source: verify against the label,https://stoletnika.eu/product/natural-factors-vitamin-d3-1000iu-90tabl-tsena
227,1988,4886,1673 NF,Селен 100 mcg - Natural Factors - 90 табл,Natural Factors,17617,title,LG Length - cm; LH Width - cm; LI Height - cm,,https://stoletnika.eu/product/natural-factors-selen-100mcg-90tabl-tsena
228,2848,6627,0153 PN,"Natural Factors, BioSil HAIR, SKIN, NAILS/ BIOSIL КОСА, КОЖА И НОКТИ 118 mg, 90 V-капсули",Natural Factors,17618,nearest: principal product ingredient,LG Length - cm; LH Width - cm; LI Height - cm,"Closest available template category selected: Health & Household / Vitamins, Minerals & Supplements / Minerals / Silica Mineral Supplements",https://stoletnika.eu/product/biosil-hair-skin-nails-biosil-kosa-koja-i-nokti-118-mg-90-v-kapsuli
229,2849,6629,0155 PN,"Natural Factors, BioSil HAIR, SKIN, NAILS/ BIOSIL КОСА, КОЖА И НОКТИ 30 ml/ 60 дневни дози",Natural Factors,17618,nearest: principal product ingredient,LG Length - cm; LH Width - cm; LI Height - cm,"Closest available template category selected: Health & Household / Vitamins, Minerals & Supplements / Minerals / Silica Mineral Supplements",https://stoletnika.eu/product/biosil-hair-skin-nails-biosil-kosa-koja-i-nokti-30-ml-60-dnevni-dozi
230,2850,6631,0157 PN,"Natural Factors, BioSil HAIR, SKIN, NAILS/ BIOSIL КОСА, КОЖА И НОКТИ 118 mg, 120 V-капсули",Natural Factors,17618,nearest: principal product ingredient,LG Length - cm; LH Width - cm; LI Height - cm,"Closest available template category selected: Health & Household / Vitamins, Minerals & Supplements / Minerals / Silica Mineral Supplements",https://stoletnika.eu/product/biosil-hair-skin-nails-biosil-kosa-koja-i-nokti-118-mg-120-v-kapsuli
231,2851,6633,0169 PN,"Natural Factors, BioSil HAIR, SKIN, NAILS/ BIOSIL КОСА, КОЖА И НОКТИ 15 ml/ 30 дневни дози",Natural Factors,17618,nearest: principal product ingredient,LG Length - cm; LH Width - cm; LI Height - cm,"Closest available template category selected: Health & Household / Vitamins, Minerals & Supplements / Minerals / Silica Mineral Supplements",https://stoletnika.eu/product/biosil-hair-skin-nails-biosil-kosa-koja-i-nokti-15-ml-30-dnevni-dozi
232,2853,6637,0177 PN,"Natural Factors, BioSil HAIR, SKIN, NAILS/ BIOSIL КОСА, КОЖА И НОКТИ 118 mg, 46 V-капсули",Natural Factors,17618,nearest: principal product ingredient,LG Length - cm; LH Width - cm; LI Height - cm,"Closest available template category selected: Health & Household / Vitamins, Minerals & Supplements / Minerals / Silica Mineral Supplements",https://stoletnika.eu/product/biosil-hair-skin-nails-biosil-kosa-koja-i-nokti-118-mg-46-v-kapsuli
233,2858,6647,0215 WS,"Natural Factors, FibreSense WomenSense Low Fodmap*All Organic Relief for IBS and Intestinal Discomfort, 150 g пудра, 30 дози",Natural Factors,17685,nearest: dietary-fiber/digestive nutritional product group,HT 1055 - Product Dosage Form; LG Length - cm; LH Width - cm; LI Height - cm,"Closest available template category selected: Health & Household / Vitamins, Minerals & Supplements / Digestive Supplements / Dietary Fiber Nutritional Supplements",https://stoletnika.eu/product/fibresense-womensense-low-fodmapall-organic-relief-for-ibs-and-intestinal-discomfort-150-g-pudra-30-dozi
234,2860,6651,0240 HHC,"Natural Factors, Holista Milk Thistle/ БЯЛ ТРЪН  Holista 150 mg, 240 софтгел капсули",Natural Factors,17526,title,LG Length - cm; LH Width - cm; LI Height - cm,,https://stoletnika.eu/product/holista-milk-thistle-byal-tran-holista-150-mg-240-softgel-kapsuli-tsena
235,2861,6653,0245 HHC,"Natural Factors, RESTORATIV PURE VITAMIN E OIL 28000 IU/ Етерично масло /Витамин Е Restorativ ( чисто масло) 28 000 IU, 28 ml",Natural Factors,17709,title,LG Length - cm; LH Width - cm; LI Height - cm,,https://stoletnika.eu/product/restorativ-pure-vitamin-e-oil-28000-iu-eterichno-maslo-vitamin-e-restorativ-chisto-maslo-28-000-iu-28-ml
236,2862,6655,0285 HHC,"Natural Factors, Organic Coconut Oil holista/ КОКОСОВО МАСЛО ОРГАНИК HOLISTA 440 ml",Natural Factors,17663,nearest: nutritional coconut-oil group,LG Length - cm; LH Width - cm; LI Height - cm,"Closest available template category selected: Health & Household / Vitamins, Minerals & Supplements / Mct Oil Nutritional Supplements",https://stoletnika.eu/product/organic-coconut-oil-holista-kokosovo-maslo-organik-holista-440-ml
237,2863,6657,0316 PN,"Natural Factors, Male Energy ULTIMATE/ 60 V-капсули",Natural Factors,17639,nearest: declared composition,LG Length - cm; LH Width - cm; LI Height - cm,"Closest available template category selected: Health & Household / Vitamins, Minerals & Supplements / Antioxidants / Polyphenol / Flavonoids / Bioflavonoid Antioxidant Supplements",https://stoletnika.eu/product/male-energy-ultimate-60-v-kapsuli
238,2864,6659,0357 PN,"Natural Factors, Testosterone Boost Ultimate 540 mg/ 60 V-капсули",Natural Factors,17708,nearest: declared composition,LG Length - cm; LH Width - cm; LI Height - cm,"Closest available template category selected: Health & Household / Vitamins, Minerals & Supplements / Vitamins / Vitamin D Supplements",https://stoletnika.eu/product/testosterone-boost-ultimate-540-mg-60-v-kapsuli
239,2865,6661,0364 PN,"Natural Factors, МАКА ЕНЕРДЖИ Ultimate™ /ТЕЧЕН ЕКСТРАКТ ОТ ЧЕРНА МАКА 20:1/ Ultimate  Maca Energy Хранителна добавка, 130 ml, 130 дневни дози",Natural Factors,17518,nearest: plant-root extract group,LG Length - cm; LH Width - cm; LI Height - cm; LY Country/Region of Origin,"Closest available template category selected: Health & Household / Vitamins, Minerals & Supplements / Herbal Supplements / Ginseng Herbal Supplements",https://stoletnika.eu/product/maka-enerdji-ultimate-techen-ekstrakt-ot-cherna-maka-201-ultimate-maca-energy-hranitelna-dobavka-130-ml-130-dnevni-dozi
240,2866,6663,0393 BCN,"Natural Factors, ULTIMATE  BLADDER CONTROL  /КОНТРОЛ ВЪРХУ ПИКОЧНИЯ МЕХУР/ 262 mg, 60 V-капсули",Natural Factors,17604,nearest: general nutritional supplement group; exact leaf absent,LG Length - cm; LH Width - cm; LI Height - cm,"Closest available template category selected: Health & Household / Vitamins, Minerals & Supplements / Blended Vitamin & Mineral Supplements",https://stoletnika.eu/product/ultimate-bladder-control-kontrol-varhu-pikochniya-mehur-262-mg-60-v-kapsuli
241,2870,6671,0601 PN,"Natural Factors, ULTIMATE STARCH & FAT METABOLIZER/ 90 V капсули",Natural Factors,17595,nearest: digestive nutritional product group,LG Length - cm; LH Width - cm; LI Height - cm,"Closest available template category selected: Health & Household / Vitamins, Minerals & Supplements / Enzymes / Multi-Enzyme Nutritional Supplements",https://stoletnika.eu/product/ultimate-starch-fat-metabolizer-90-v-kapsuli
242,2871,6673,0605 BCN,"Natural Factors, ULTIMATE LIBIDO 221 mg/ Ултимат Либидо, 221 мг х 90 капсули",Natural Factors,17522,nearest: declared composition,LG Length - cm; LH Width - cm; LI Height - cm,"Closest available template category selected: Health & Household / Vitamins, Minerals & Supplements / Herbal Supplements / Horny Goat Weed Herbal Supplements",https://stoletnika.eu/product/ultimate-libido-221-mg-ultimat-libido-221-mg-h-90-kapsuli
243,2873,6677,1013 NF,"Natural Factors, Natural Astaxanthin Plus 4 mg/ Астаксантин Плюс 4 mg х 60 софтгел капсули",Natural Factors,17648,title,LG Length - cm; LH Width - cm; LI Height - cm,,https://stoletnika.eu/product/natural-astaxanthin-plus-4-mg-astaksantin-plyus-4-mg-h-60-softgel-kapsuli-tsena
244,2874,6679,1014 NF,"Natural Factors, BetaCareAll 25000 IU/ Хранителна добавка, 90 софтгел капсули",Natural Factors,17629,nearest: declared composition,LG Length - cm; LH Width - cm; LI Height - cm,"Closest available template category selected: Health & Household / Vitamins, Minerals & Supplements / Antioxidants / Beta Carotene Nutritional Supplements",https://stoletnika.eu/product/betacareall-25000-iu-hranitelna-dobavka-90-softgel-kapsuli-tsena
245,2875,6681,1016 NF,"Natural Factors, Lycopene/ Ликопен, 10 мг, 60 софтгел капсули",Natural Factors,17632,title,LG Length - cm; LH Width - cm; LI Height - cm,,https://stoletnika.eu/product/lycopene-likopen-10-mg-60-softgel-kapsuli
246,2876,6683,1020 NF,"Natural Factors, Super Cod liver oil/ Черен дроб на треска, масло, 90 софтгел капсули",Natural Factors,17669,nearest: fish-oil supplement group,LG Length - cm; LH Width - cm; LI Height - cm,"Closest available template category selected: Health & Household / Vitamins, Minerals & Supplements / Essential Fatty Acids / Fish Oil Nutritional Supplements",https://stoletnika.eu/product/super-cod-liver-oil-cheren-drob-na-treska-maslo-90-softgel-kapsuli-tsena
247,2877,6685,1032 NF,"Natural Factors, Lutein/ ЛУТЕИН 20 mg, 60 софтгел капсули",Natural Factors,17631,title,LG Length - cm; LH Width - cm; LI Height - cm,,https://stoletnika.eu/product/lutein-lutein-20-mg-60-softgel-kapsuli
248,2878,6687,1034 NF,"Natural Factors, Lutein/ Лутеин, 40 мг, 30 софтгел капсули",Natural Factors,17631,title,LG Length - cm; LH Width - cm; LI Height - cm,,https://stoletnika.eu/product/lutein-lutein-40-mg-30-softgel-kapsuli
249,2879,6689,1035 NF,"Natural Factors, Lutein/  Лутеин, 40 мг, 60 софтгел капсули",Natural Factors,17631,title,LG Length - cm; LH Width - cm; LI Height - cm,,https://stoletnika.eu/product/lutein-lutein-40-mg-60-softgel-kapsuli
250,2882,6695,1051 NF,"Natural Factors, Vitamin D3 1000 IU/ Витамин D3 1000 IU, 180 таблетки",Natural Factors,17708,title,LG Length - cm; LH Width - cm; LI Height - cm,,https://stoletnika.eu/product/vitamin-d3-1000-iu-vitamin-d3-1000-iu-180-tabletki-tsena
251,2885,6701,1054 NF,"Natural Factors, Vitamin D3 1000 IU/ Витамин D3 1000 IU, 180 софтгел капсули",Natural Factors,17708,title,LG Length - cm; LH Width - cm; LI Height - cm,,https://stoletnika.eu/product/vitamin-d3-1000-iu-vitamin-d3-1000-iu-180-softgel-kapsuli
252,2886,6703,1055 NF,"Natural Factors, SUN VITAMIN D3 1000 IU/ Витамин Д3 капки,  15 ml /500 дози/",Natural Factors,17708,title,LG Length - cm; LH Width - cm; LI Height - cm,,https://stoletnika.eu/product/sun-vitamin-d3-1000-iu-vitamin-d3-kapki-15-ml-500-dozi
253,2888,6707,1057 NF,"Natural Factors, Vitamin D3 1000 IU/ Витамин D3 1000 IU",Natural Factors,17708,title,HT 1055 - Product Dosage Form; LG Length - cm; LH Width - cm; LI Height - cm,,https://stoletnika.eu/product/vitamin-d3-1000-iu-vitamin-d3-1000-iu
254,2889,6709,1059 NF A,"Natural Factors, VITAMIN D3 FOR KIDS/ ВИТАМИН D3 ЗА ДЕЦА 400 IU, 100 дъвчащи таблетки, с вкус на ягода",Natural Factors,17708,title,LG Length - cm; LH Width - cm; LI Height - cm,,https://stoletnika.eu/product/vitamin-d3-for-kids-vitamin-d3-za-deca-400-iu-100-davchashti-tabletki-s-vkus-na-yagoda
255,2890,6711,1060 NF,"Natural Factors, SunVitamin D3 Immune Support/ Витамин D3 1000 IU, 500 софтгел капсули",Natural Factors,17708,title,LG Length - cm; LH Width - cm; LI Height - cm,,https://stoletnika.eu/product/sunvitamin-d3-immune-support-vitamin-d3-1000-iu-500-softgel-kapsuli
256,2893,6717,1065 NF,"Natural Factors, SUPER IMMUNE FORMULA (ВИТАМИН А, D3, ЦИНК & ОМЕГА-3)/ 90 софтел капсули",Natural Factors,17621,title,LG Length - cm; LH Width - cm; LI Height - cm,,https://stoletnika.eu/product/super-immune-formula-vitamin-a-d3-cink-omega-3-90-softel-kapsuli
257,2900,6731,1120 NF,"Natural Factors, Hi Potency В КОМЛЕКС  Hi Potency B Comlex, 60 капсули",Natural Factors,17705,nearest: principal product ingredient,LG Length - cm; LH Width - cm; LI Height - cm,"Closest available template category selected: Health & Household / Vitamins, Minerals & Supplements / Vitamins / Vitamin B / Vitamin B-Complex Supplements",https://stoletnika.eu/product/hi-potency-v-komleks-hi-potency-b-comlex-60-kapsuli
258,2901,6733,1132 NF,"Natural Factors, BioCoenzymated  ACTIVE B-КОМПЛЕКС, 60 V-капсули",Natural Factors,17705,title,LG Length - cm; LH Width - cm; LI Height - cm,,https://stoletnika.eu/product/biocoenzymated-active-b-kompleks-60-v-kapsuli
259,2902,6735,1140 NF,"Natural Factors, Complete B/ ВИТАМИН В КОМПЛЕКС Complete B 100 mg, 60 таблетки, с удължено освобождаване",Natural Factors,17705,title,LG Length - cm; LH Width - cm; LI Height - cm,,https://stoletnika.eu/product/complete-b-vitamin-v-kompleks-complete-b-100-mg-60-tabletki-s-udaljeno-osvobojdavane
260,2903,6737,1200 NF,"Natural Factors, Vitamin B1/ Витамин В1 - тиамин, 100 мг, 90 таблетки",Natural Factors,17697,title,LG Length - cm; LH Width - cm; LI Height - cm,,https://stoletnika.eu/product/vitamin-b1-vitamin-v1-tiamin-100-mg-90-tabletki
261,2904,6739,1215 NF,"Natural Factors, Vitamin B2/ Витамин В2 (рибофлавин), 100 мг, 90 таблетки",Natural Factors,17698,title,LG Length - cm; LH Width - cm; LI Height - cm,,https://stoletnika.eu/product/vitamin-b2-vitamin-v2-riboflavin-100-mg-90-tabletki
262,2907,6745,1227 NF,"Natural Factors, Vitamin B3 500 mg/ Витамин B3, ниацин, 500 мг, 90 таблетки",Natural Factors,17699,title,LG Length - cm; LH Width - cm; LI Height - cm,,https://stoletnika.eu/product/vitamin-b3-500-mg-vitamin-b3-niacin-500-mg-90-tabletki
263,2909,6749,1231 NF,"Natural Factors, Vitamin B6/ Витамин B6 100mg, 90 таблетки",Natural Factors,17701,title,LG Length - cm; LH Width - cm; LI Height - cm,,https://stoletnika.eu/product/vitamin-b6-vitamin-b6-100mg-90-tabletki
264,2911,6753,1240 NF,"Natural Factors, Vitamin B12 Cyanocobalamin 250 µg/ Витамин B12, цианокобаламин, 250 микрограма, 90 таблетки",Natural Factors,17703,title,LG Length - cm; LH Width - cm; LI Height - cm,,https://stoletnika.eu/product/vitamin-b12-cyanocobalamin-250-ug-vitamin-b12-cianokobalamin-250-mikrograma-90-tabletki
265,2912,6755,1241 NF,"Natural Factors, BioCoenzymated Methylfolate + B12 Methylcobalamin/ Метилфолат (Фолиева киселина)+Витамин В12, 50 mcg, 60 сублингвални таблетки",Natural Factors,17702,title,LG Length - cm; LH Width - cm; LI Height - cm,,https://stoletnika.eu/product/biocoenzymated-methylfolate-b12-methylcobalamin-metilfolat-folieva-kiselinavitamin-v12-50-mcg-60-sublingvalni-tabletki-tsena
266,2913,6757,1242 NF,"Natural Factors, Vitamin B12 Methylcobalamin/ Витамин B12 метилкобаламин, 1000 микрограма, 90 сублингвални таблетки",Natural Factors,17703,title,LG Length - cm; LH Width - cm; LI Height - cm,,https://stoletnika.eu/product/vitamin-b12-methylcobalamin-vitamin-b12-metilkobalamin-1000-mikrograma
267,2915,6761,1245 NF,"Natural Factors, Vitamin B12 Cyanocobalamin 1000 µg/ Витамин B12, 1000 микрограма, 60 таблетки",Natural Factors,17703,title,LG Length - cm; LH Width - cm; LI Height - cm,,https://stoletnika.eu/product/vitamin-b12-cyanocobalamin-1000-ug-vitamin-b12-1000-mikrograma-60-tabletki
268,2916,6763,1246 NF,"Natural Factors, Vitamin B12 Cyanocobalamin 1000 µg/ Витамин B12, 1000 микрограма, 90 таблетки",Natural Factors,17703,title,LG Length - cm; LH Width - cm; LI Height - cm,,https://stoletnika.eu/product/vitamin-b12-cyanocobalamin-1000-ug-vitamin-b12-1000-mikrograma-90-tabletki
269,2918,6767,1248,"Natural Factors, BioCoenzymated Benfotiamine 150 mg plus Thiamine Disphosphate/ БЕНФОТИАМИН В1  150 mg + ВИТАМИН В1 10 mg, 30 V-капсули",Natural Factors,17697,title,LG Length - cm; LH Width - cm; LI Height - cm,,https://stoletnika.eu/product/biocoenzymated-benfotiamine-150-mg-plus-thiamine-disphosphate-benfotiamin-v1-150-mg-vitamin-v1-10-mg-30-v-kapsuli
270,2919,6769,1249 NF,"Natural Factors, Riboflavin 5-phosphate BioCoenzymated / Витамин В2 Рибофлавин-5-фосфат 50 mg, 30 V-капсули",Natural Factors,17698,title,LG Length - cm; LH Width - cm; LI Height - cm,,https://stoletnika.eu/product/riboflavin-5-phosphate-biocoenzymated-vitamin-v2-riboflavin-5-fosfat-50-mg-30-v-kapsuli-tsena
271,2920,6771,1250 NF,"Natural Factors, Bio CoenzymatedPantethine/ ПАНТЕТИН (ВИТАМИН В5) 450 mg, 60 софтгел капсули",Natural Factors,17700,title,LG Length - cm; LH Width - cm; LI Height - cm,,https://stoletnika.eu/product/biocoenzymated-pantethine-pantetin-vitamin-v5-450-mg-60-softgel-kapsuli-tsena
272,2921,6773,1251 NF,"Natural Factors, Pantothenic Acid 250 mg/ Пантотенова киселина, 250 мг, 90 капсули",Natural Factors,17700,title,LG Length - cm; LH Width - cm; LI Height - cm,,https://stoletnika.eu/product/pantothenic-acid-250-mg-pantotenova-kiselina-250-mg-90-kapsuli
273,2922,6775,1252 NF,"Natural Factors, BioCoenzymated Pyridoxal 5 Phosphate 50 mg/ Витамин В6 Пиридоксал-5-фосфат 50 mg х 30 капсули",Natural Factors,17701,title,LG Length - cm; LH Width - cm; LI Height - cm,,https://stoletnika.eu/product/biocoenzymated-pyridoxal-5-phosphate-50-mg-vitamin-v6-piridoksal-5-fosfat-50-mg-h-30-kapsuli-tsena
274,2925,6782,1261 NF,"Natural Factors, Биотин 1000 - Bitoin 1000 mcg, 90 V капсули",Natural Factors,17704,title,LG Length - cm; LH Width - cm; LI Height - cm,,https://stoletnika.eu/product/bitoin-1000-mcg-biotin-1000-mikrograma-90-v-kapsuli
275,2926,6784,1262 NF,"Natural Factors, Bitoin 5000 mcg/ Биотин 5000 mcg, 60 V капсули",Natural Factors,17704,title,LG Length - cm; LH Width - cm; LI Height - cm,,https://stoletnika.eu/product/bitoin-5000-mcg-biotin-5000-mcg-60-v-kapsuli
276,2927,6786,1293 NF,"Natural Factors, Vitamin K2 120 mcg & D3 1000 IU/ ВИТАМИН К2 120 MCG и D3 1000 IU, 120 софтгел капсули",Natural Factors,17710,nearest: vitamin K group; K2 leaf absent,LG Length - cm; LH Width - cm; LI Height - cm,"Closest available template category selected: Health & Household / Vitamins, Minerals & Supplements / Vitamins / Vitamin K1 Supplements",https://stoletnika.eu/product/vitamin-k2-120-mcg-d3-1000-iu-vitamin-k2-120-mcg-i-d3-1000-iu-120-softgel-kapsuli
277,2928,6788,1294 NF,"Natural Factors, Vitamin K2 100 mcg/ Витамин K2, 60 V капсули",Natural Factors,17710,nearest: vitamin K group; K2 leaf absent,LG Length - cm; LH Width - cm; LI Height - cm,"Closest available template category selected: Health & Household / Vitamins, Minerals & Supplements / Vitamins / Vitamin K1 Supplements",https://stoletnika.eu/product/vitamin-k2-100-mcg-vitamin-k2-60-v-kapsuli
278,2929,6790,1300 NF,"Natural Factors, Vitamin C 500 mg + Bioflavonoids & Rosehips/ ВИТАМИН С 500 mg + ШИПКА И БИОФЛАВОНИ, 90 таблетки",Natural Factors,17639,title,LG Length - cm; LH Width - cm; LI Height - cm,,https://stoletnika.eu/product/vitamin-c-500-mg-bioflavonoids-rosehips-vitamin-s-500-mg-shipka-i-bioflavoni-90-tabletki
279,2930,6792,1311 NF,"Natural Factors, Immune Support Balanced C Extra/ Витамин С 500 mg с Биофлавоноиден комплекс 500 mg, 90 таблетки",Natural Factors,17639,title,LG Length - cm; LH Width - cm; LI Height - cm,,https://stoletnika.eu/product/immune-support-balanced-c-extra-vitamin-s-500-mg-s-bioflavonoiden-kompleks-500-mg-90-tabletki
280,2931,6794,1321 NF,"Natural Factors, Immune Support Balanced C Extra/ Витамин С 500 mg с Биофлавоноиден комплекс 350 mg, 90 капсули",Natural Factors,17639,title,LG Length - cm; LH Width - cm; LI Height - cm,,https://stoletnika.eu/product/immune-support-balanced-c-extra-vitamin-s-500-mg-s-bioflavonoiden-kompleks-350-mg-90-kapsulitsena
281,2932,6796,1324 NF,"Natural Factors, 100% Natural Fruit Chew C 500 mg/ Витамин C 500 мг, тропически плодове, дъвчащи таблетки, , 90 дъвчащи таблетки",Natural Factors,17707,title,LG Length - cm; LH Width - cm; LI Height - cm,,https://stoletnika.eu/product/100-natural-fruit-chew-c-500-mg-vitamin-c-500-mg-tropicheski-plodove-davchashti-tabletki-90-davchashti-tabletki-tsena
282,2933,6798,1326 NF,"Natural Factors, 100% Natural Fruit Chew C 500 mg/ Витамин C 500 мг дъвчащи таблетки, 90 дъвчащи таблетки",Natural Factors,17707,title,LG Length - cm; LH Width - cm; LI Height - cm,,https://stoletnika.eu/product/100-natural-fruit-chew-c-500-mg-vitamin-c-500-mg-davchashti-tabletki-90-davchashti-tabletki
283,2934,6800,1333 NF,"Natural Factors, IMMUNE SUPPORT C Extra + Quercetin Bioflavonoids/ ВИТАМИН С 500 mg + КВЕРЦЕТИН БИОФЛАВОНОИДИ, 500 mg, 60 таблетки",Natural Factors,17638,title,LG Length - cm; LH Width - cm; LI Height - cm,,https://stoletnika.eu/product/immune-support-c-extra-quercetin-bioflavonoids-vitamin-s-500-mg-kvercetin-bioflavonoidi-500-mg-60-tabletki-tsena
284,2935,6802,1344 NF,"Natural Factors, Vitamin C 1000 mg plus Citrus bioflavonoids and rosehip/  Витамин С 1000 mg (с Шипка и Биофлавони), 90 таблетки",Natural Factors,17639,title,LG Length - cm; LH Width - cm; LI Height - cm,,https://stoletnika.eu/product/vitamin-c-1000-mg-plus-citrus-bioflavonoids-and-rosehip-vitamin-s-1000-mg-s-shipka-i-bioflavoni-90-tabletki
285,2936,6804,1349 NF,"Natural Factors, Vitamin C 1000 mg Calcium Ascorbat/ Витамин С (Калциев Аскорбат) 1000 mg, 90 капсули",Natural Factors,17608,title,LG Length - cm; LH Width - cm; LI Height - cm,,https://stoletnika.eu/product/vitamin-c-1000-mg-calcium-ascorbat-vitamin-s-kalciev-askorbat-1000-mg-90-kapsuli
286,2937,6806,1353 NF,"Natural Factors, BioCgel High Absorption Ascorbate C/ Витамин С BioCgel, 500 mg х 90 софтгел капсули",Natural Factors,17707,title,LG Length - cm; LH Width - cm; LI Height - cm,,https://stoletnika.eu/product/biocgel-high-absorption-ascorbate-c-vitamin-s-biocgel-500-mg-h-90-softgel-kapsuli
287,2938,6808,1370 NF,"Natural Factors, Vitamin C Calcium Ascorbate/ Витамин С (Калциев Аскорбат)1000 mg, Пудра 125 g, 250 дози",Natural Factors,17608,title,HT 1055 - Product Dosage Form; LG Length - cm; LH Width - cm; LI Height - cm,,https://stoletnika.eu/product/vitamin-c-calcium-ascorbate-vitamin-s-kalciev-askorbat1000-mg-pudra-125-g-250-dozi
288,2939,6810,1378 NF,"Natural Factors, Кверцетин 250 mg LipoMicel Matrix 10 X Higher Absorption/ 60 софтгел капсули",Natural Factors,17638,title,LG Length - cm; LH Width - cm; LI Height - cm,,https://stoletnika.eu/product/kvercetin-250-mg-lipomicel-matrix-10-x-higher-absorption-60-softgel-kapsuli
289,2940,6812,1379 NF,"Natural Factors, Кверцетин 250 mg LipoMicel Matrix 10 X Higher Absoprtion, 30 софтгел капсули",Natural Factors,17638,title,LG Length - cm; LH Width - cm; LI Height - cm,,https://stoletnika.eu/product/kvercetin-250-mg-lipomicel-matrix-10-x-higher-absoprtion-30-softgel-kapsuli
290,2941,6814,1380,"Natural Factors, Citrus Bioflavonoids Plus Hesperidin/ ЦИТРУСОВИ БИОФЛАВОНОИДИ + ХЕСПЕРИДИН 650 mg х 90 капсули",Natural Factors,17639,title,LG Length - cm; LH Width - cm; LI Height - cm,,https://stoletnika.eu/product/citrus-bioflavonoids-plus-hesperidin-citrusovi-bioflavonoidi-hesperidin-650-mg-h-90-kapsuli
291,2942,6816,1381 NF,"Natural Factors, Bioactive Quercetin EMIQ/ КВЕРЦЕТИН BIOACTIVE EMIQ 50 mg, 60 V-капсули",Natural Factors,17638,title,LG Length - cm; LH Width - cm; LI Height - cm,,https://stoletnika.eu/product/bioactive-quercetin-emiq-kvercetin-bioactive-emiq-50-mg-60-v-kapsuli
292,2943,6818,1388 NF,"Natural Factors, Quercetin Complex with Grape Seed,Turmeric &CoQ10/ КВЕРЦЕТИН КОМПЛЕКС С БИОФЛАВОНОИДИ 466 mg (С ГРОЗДОВО СЕМЕ, КУРКУМА И KOЕНЗИМ Q10), 90 V-капсули",Natural Factors,17539,title,LG Length - cm; LH Width - cm; LI Height - cm,,https://stoletnika.eu/product/quercetin-complex-with-grape-seedturmeric-coq10-kvercetin-kompleks-s-bioflavonoidi-466-mg-s-grozdovo-seme-kurkuma-i-koenzim-q10-90-v-kapsuli-tsena
293,2944,6820,1390 NF,"Natural Factors ,Кверцетин 500 mg + Цинк и Мед  x 60 капсули",Natural Factors,17610,title,LG Length - cm; LH Width - cm; LI Height - cm,,https://stoletnika.eu/product/quercetin-500-mg-with-zinc-copper-kvercetin-500-mg-s-cink-i-med-60-kapsuli
294,2945,6822,1390 NF A,"Natural Factors, Immune Support  Quercetin 500 mg x 60 V капсули",Natural Factors,17638,title,LG Length - cm; LH Width - cm; LI Height - cm,,https://stoletnika.eu/product/immune-support-quercetin-60-v-kapsuli
295,2946,6824,1391 NF,"Natural Factors, Rutin 250 mg/ Рутин, 250 мг, 90 капсули",Natural Factors,17640,title,LG Length - cm; LH Width - cm; LI Height - cm,,https://stoletnika.eu/product/rutin-250-mg-rutin-250-mg-90-kapsuli
296,2947,6826,1395 NF,"Natural Factors, Big Friends Jr. Chewable C/ Витамин С Big Friends (портокал) За деца 250 mg, 90 дъвчащи таблетки",Natural Factors,17707,title,LG Length - cm; LH Width - cm; LI Height - cm,,https://stoletnika.eu/product/big-friends-jr-chewable-c-vitamin-s-big-friends-portokal-za-deca-250-mg-90-davchashti-tabletki
297,2948,6828,1398 NF,"Natural Factors, Immune Support C Extra + Quercetin Bioflavonoids (Витамин С 500 mg + Кверцетин Биофлавоноиди 250 mg), 60 капсули",Natural Factors,17638,title,LG Length - cm; LH Width - cm; LI Height - cm,,https://stoletnika.eu/product/immune-support-c-extra-quercetin-bioflavonoids-vitamin-s-500-mg-kvercetin-bioflavonoidi-250-mg-60-kapsuli
298,2949,6830,1400 NF,"Natural Factors, Vitamin E/ Витамин Е  100 mg (токофероли микс), 90 капсули",Natural Factors,17709,title,LG Length - cm; LH Width - cm; LI Height - cm,,https://stoletnika.eu/product/vitamin-e-vitamin-e-100-mg-tokoferoli-miks-90-kapsuli-tsena
299,2950,6832,1410 NF,"Natural Factors, Vitamin E/ Витамин E, d-алфа-токоферил, 90 софтгел капсули",Natural Factors,17709,title,LG Length - cm; LH Width - cm; LI Height - cm,,https://stoletnika.eu/product/vitamin-e-vitamin-e-d-alfa-tokoferil-90-softgel-kapsuli
300,2951,6834,1421,"Natural Factors, Vitamin E/ Витамин Е, токофероли микс, 90 меки софтгел капсули",Natural Factors,17709,title,LG Length - cm; LH Width - cm; LI Height - cm,Unsupported barcode format: 68958014210,https://stoletnika.eu/product/vitamin-e-vitamin-e-tokoferoli-miks-90-meki-softgel-kapsuli
301,2952,6836,1444 NF,"Natural Factors, Clear Base/ Витамин Е 400 IU/ 268 mg, 90 софтгел капсули",Natural Factors,17709,title,LG Length - cm; LH Width - cm; LI Height - cm,,https://stoletnika.eu/product/clear-base-vitamin-e-400-iu-268-mg-90-softgel-kapsuli
302,2953,6838,1445 NF,"Natural Factors, Clear Base/ Витамин Е 400 IU/ 268 mg, 180 софтгел капсули",Natural Factors,17709,title,LG Length - cm; LH Width - cm; LI Height - cm,,https://stoletnika.eu/product/clear-base-vitamin-e-400-iu-268-mg-180-softgel-kapsuli
303,2954,6840,1508 NF,"Natural Factors, Super Multi Iron Free, 90 таблетки",Natural Factors,17612,title,LG Length - cm; LH Width - cm; LI Height - cm,,https://stoletnika.eu/product/super-multi-iron-free-90-tabletki
304,2955,6842,1545 NF,"Natural Factors, Big Friends Liquid Vitamin D3 400 IU per drop/ Витамин D3 Течен Big Fiends за Деца 400 IU,  15 ml/500 дози",Natural Factors,17708,title,LG Length - cm; LH Width - cm; LI Height - cm,,https://stoletnika.eu/product/big-friends-liquid-vitamin-d3-400-iu-per-drop-vitamin-d3-techen-big-fiends-za-deca-400-iu-15-ml500-dozi
305,2956,6844,1546 NF,"Natural Factors, Vitamin D3 400 IU/ Витамин D3  Big Friends za Дeca 400 IU, 250 дъвчащи таблетки, с плодов вкус",Natural Factors,17708,title,LG Length - cm; LH Width - cm; LI Height - cm,,https://stoletnika.eu/product/vitamin-d3-400-iu-vitamin-d3-big-friends-za-deca-400-iu-250-davchashti-tabletki-s-plodov-vkus
306,2957,6846,1549 NF,"Natural Factors, Chewable MultiVitamin & Minerals with Whole Food Concetrate, Jungle Berry/ Мултивитамини и минерали Big Friends, 60 дъвчащи таблетки",Natural Factors,17711,title,LG Length - cm; LH Width - cm; LI Height - cm,,https://stoletnika.eu/product/chewable-multivitamin-minerals-with-whole-food-concetrate-jungle-berry-multivitamini-i-minerali-big-friends-60-davchashti-tabletki
307,2958,6848,1607 NF,"Natural Factors, Calcium & Magnesium Citrate with D3 Plus Potassium & Zinc/ Калций, Магнезий Цитрат, Витамин D3 + Калций и Цинк 526 mg, 90 таблетки",Natural Factors,17604,title combination,LG Length - cm; LH Width - cm; LI Height - cm,,https://stoletnika.eu/product/calcium-magnesium-citrate-with-d3-plus-potassium-zinc-kalciy-magneziy-citrat-vitamin-d3-kalciy-i-cink-526-mg-90-tabletki
308,2959,6850,1611 NF,"Natural Factors, Calcium Factor+ 350 mg Citrate/ Калций Фактор+ (Цитрат) 350 MG,  90 таблетки",Natural Factors,17608,title,LG Length - cm; LH Width - cm; LI Height - cm,,https://stoletnika.eu/product/calcium-factor-350-mg-citrate-kalciy-faktor-citrat-350-mg-90-tabletki
309,2960,6852,1625 NF,"Natural Factors, Calcium & Magnesium Plus Vitamin D3/ Калций & Магнезий + Витамин D3 376 mg, 90 капсули",Natural Factors,17604,title combination,LG Length - cm; LH Width - cm; LI Height - cm,,https://stoletnika.eu/product/calcium-magnesium-plus-vitamin-d3-kalciy-magneziy-vitamin-d3-376-mg-90-kapsuli
310,2961,6854,1635 NF,"Natural Factors, Chromium & Vanadium/ Хром & Ванадий 125 µg, 90 капсули",Natural Factors,17609,title,LG Length - cm; LH Width - cm; LI Height - cm,,https://stoletnika.eu/product/chromium-vanadium-hrom-vanadiy-125-ug-90-kapsuli-tsena
311,2962,6856,1636 NF,"Natural Factors, Chromium Picolinate/ Хром пиколинат, 250 mcg x 90 таблетки",Natural Factors,17609,title,LG Length - cm; LH Width - cm; LI Height - cm,,https://stoletnika.eu/product/chromium-picolinate-hrom-pikolinat-250-mcg-x-90-tabletki
312,2963,6858,1640 NF,"Natural Factors, Желязо (Хелат) 25 mg x 90 таблетки",Natural Factors,17612,title,LG Length - cm; LH Width - cm; LI Height - cm,,https://stoletnika.eu/product/iron-chelate-jelyazo-helat-25-mg-90-tabletki-tsena
313,2964,6860,1646 NF,"Natural Factors, IRON FACTORS (с ВИТАМИН В12 И ФОЛИЕВА КИСЕЛИНА) 35 mg, 90 таблетки",Natural Factors,17612,title,LG Length - cm; LH Width - cm; LI Height - cm,,https://stoletnika.eu/product/iron-factors-s-vitamin-v12-i-folieva-kiselina-35-mg-90-tabletki-tsena
314,2965,6862,1647 NF,"Natural Factors, Hemo Factors 20 mg, 60 дъвчащи таблетки",Natural Factors,17612,nearest: declared composition,LG Length - cm; LH Width - cm; LI Height - cm,"Closest available template category selected: Health & Household / Vitamins, Minerals & Supplements / Minerals / Iron Mineral Supplements",https://stoletnika.eu/product/hemo-factors-20-mg-60-davchashti-tabletki-tsena
315,2966,6864,1648 NF,"Магнезий цитрат за деца, 60 дъвчащи таблетки Natural Factors, Magnesium Citrate",Natural Factors,17613,title,LG Length - cm; LH Width - cm; LI Height - cm,,https://stoletnika.eu/product/magnesium-citrate-magneziy-citrat-za-deca-60-davchashti-tabletki
316,2967,6866,1650 NF,"Магнезий Цитрат 150 mg, дъвчащи таблетки с вкус на лайм, без захар-Natural Factors Magnesium Citrate",Natural Factors,17613,title,LG Length - cm; LH Width - cm; LI Height - cm,,https://stoletnika.eu/product/magnesium-citrate-magneziy-citrat-150-mg-60-davchashti-tabletki-s-vkus-na-laym-bez-zahar
317,2968,6868,1651 NF,"Магнезий хелат, 125 мг, 90 капсули - Natural Factors, Magnesium Chelate",Natural Factors,17613,title,LG Length - cm; LH Width - cm; LI Height - cm,,https://stoletnika.eu/product/magnesium-chelate-magneziev-helat-125-mg-90-kapsuli-tsena
318,2969,6870,1652 NF,Магнезий цитрат Natural Factors Magnesium Citrate 150 mg 90 капсули,Natural Factors,17613,title,LG Length - cm; LH Width - cm; LI Height - cm,,https://stoletnika.eu/product/magnesium-citrate-150-mg-magneziev-citrat-150-mg-90-kapsuli-tsena
319,2970,6872,1654 NF,"Магнезиев оксид 250 мг Natural Factors, Magnesium Oxide 90 каплети",Natural Factors,17613,title,HT 1055 - Product Dosage Form; LG Length - cm; LH Width - cm; LI Height - cm,,https://stoletnika.eu/product/magnesium-oxide-250-mg-magneziev-oksid-250-mg-90-kapleti
320,2971,6874,1657 NF,"Natural Factors, Manganese Chelate/ Манган (Хелат) 25 mg, 90 таблетки",Natural Factors,17614,title,LG Length - cm; LH Width - cm; LI Height - cm,,https://stoletnika.eu/product/manganese-chelate-mangan-helat-25-mg-90-tabletki-tsena
321,2972,6876,1660 NF,"Калий 99 мг Natural Factors, Potassium citrate, 90 таблетки",Natural Factors,17616,title,LG Length - cm; LH Width - cm; LI Height - cm,,https://stoletnika.eu/product/potassium-potassium-citrate-kaliy-99-mg-90-tabletki
322,2973,6878,1668 NF,"Natural Factors, Selenium/ Селен, хелатна форма, 50 микрограма, 90 таблетки",Natural Factors,17617,title,LG Length - cm; LH Width - cm; LI Height - cm,,https://stoletnika.eu/product/selenium-selen-helatna-forma-50-mikrograma-90-tabletki
323,2974,6880,1670,"Natural Factors, Selenium/ Селен, 200 микрограма, 60 таблетки",Natural Factors,17617,title,LG Length - cm; LH Width - cm; LI Height - cm,,https://stoletnika.eu/product/selenium-selen-200-mikrograma-60-tabletki-tsena
324,2975,6882,1675,"Natural Factors, Seleno Excell Selenium/ Seleno Excell селен, 200 микрограма, 90 капсули",Natural Factors,17617,title,LG Length - cm; LH Width - cm; LI Height - cm,Unsupported barcode format: 68958016757,https://stoletnika.eu/product/seleno-excell-selenium-seleno-excell-selen-200-mikrograma-90-kapsuli
325,2976,6884,1678,"Natural Factors, Zinc Citrate/ Цинков  цитрат, 15 мг, 90 таблетки",Natural Factors,17621,title,LG Length - cm; LH Width - cm; LI Height - cm,,https://stoletnika.eu/product/zinc-citrate-cinkov-citrat-15-mg-90-tabletki
326,2977,6886,1680,"Natural Factors, Zinc Citrate/  Цинк 50 mg, 90 таблетки",Natural Factors,17621,title,LG Length - cm; LH Width - cm; LI Height - cm,,https://stoletnika.eu/product/zinc-citrate-cink-50-mg-90-tabletki-tsena
327,2978,6888,1681,"Natural Factors,  Zinc Citrate/ Цинк 50 mg, 180 таблетки",Natural Factors,17621,title,LG Length - cm; LH Width - cm; LI Height - cm,,https://stoletnika.eu/product/zinc-citrate-cink-50-mg-180-tabletki
328,2979,6890,1683,"Natural Factors, Zinc Chelate/ Цинк (Хелат) 25 мг, 90 таблетки",Natural Factors,17621,title,LG Length - cm; LH Width - cm; LI Height - cm,,https://stoletnika.eu/product/zinc-chelate-cink-helat-25-mg-90-tabletki
329,2980,6892,1686,"Natural Factors, Sore Throat Relief Throat Lozenges with Zinc/ Успокояване на възпалено гърло, таблетки за смучене с цинк, 60 мг, 60 таблетки",Natural Factors,17621,title,LG Length - cm; LH Width - cm; LI Height - cm,,https://stoletnika.eu/product/sore-throat-relief-throat-lozenges-with-zinc-sore-throat-relieve-uspokoyavane-na-vazpaleno-garlo-tabletki-za-smuchene-s-cink-60-mg-60-tabletki-za-smuchene
330,2981,6894,1688,"Natural Factors, Echinamide Zinc Lozenges Sore Throat Relief With Ehinamide/Ехинацея Цинк за Смучене+Ехинацея, Черен Бъз и Витамин С",Natural Factors,17512,title,HT 1055 - Product Dosage Form; LG Length - cm; LH Width - cm; LI Height - cm,,https://stoletnika.eu/product/echinamide-zinc-lozenges-sore-throat-relief-with-ehinamide-elderberry-and-vitamin-c-ehinaceya-cink-za-smuchene-ehinaceya-cheren-baz-i-vitamin-s
331,2982,6896,1689,"Natural Factors, Echinamide Zinc Lozenges Sore Throat Relief With Ehinamide, Elderberry and Vitamin C/ Ехинацея Цинк за Смучене + Ехинацея, Черен Бъз и Витамин С, 60 таблетки",Natural Factors,17512,title,LG Length - cm; LH Width - cm; LI Height - cm,,https://stoletnika.eu/product/echinamide-zinc-lozenges-sore-throat-relief-with-ehinamide-elderberry-and-vitamin-c-ehinaceya-cink-za-smuchene-ehinaceya-cheren-baz-i-vitamin-s-60-tabletki-za-smuchene-s-vkus-na-ch
332,2983,6898,1702,"Natural Factors, Activated Charcoal /Активен Въглен (от Черупки на Кокосов Орех) 90 софтгел капсули",Natural Factors,17686,title,LG Length - cm; LH Width - cm; LI Height - cm,,https://stoletnika.eu/product/activated-charcoal-aktiven-vaglen-ot-cherupki-na-kokosov-oreh-90-softgel-kapsuli
333,2984,6900,1720,"Natural Factors, Betaine Hydrochloride/ Бетаин хидрохлорид, 500 мг, 90 вегетариански капсули",Natural Factors,17595,nearest: digestive nutritional product group,LG Length - cm; LH Width - cm; LI Height - cm,"Closest available template category selected: Health & Household / Vitamins, Minerals & Supplements / Enzymes / Multi-Enzyme Nutritional Supplements",https://stoletnika.eu/product/betaine-hydrochloride-betain-hidrohlorid-500-mg-90-vegetarianski-kapsuli
334,2985,6902,1726 NF,"Natural Factors, ClenzZyme Cleansing Support Formula Хранителна добавка, 90 V- капсули",Natural Factors,17594,nearest: declared composition,LG Length - cm; LH Width - cm; LI Height - cm,"Closest available template category selected: Health & Household / Vitamins, Minerals & Supplements / Enzymes / Lipase Nutritional Supplements",https://stoletnika.eu/product/clenzzyme-cleansing-support-formula-hranitelna-dobavka-90-v-kapsuli
335,2986,6904,1727 NF,"Natural Factors, Relief Zyme Ензимна Формула,  295 mg, 45 V- капсули",Natural Factors,17595,title,LG Length - cm; LH Width - cm; LI Height - cm,,https://stoletnika.eu/product/relief-zyme-enzimna-formula-295-mg-45-v-kapsuli
336,2987,6906,1735 NF,"Natural Factors, Bromelain Extra Strength/ Бромелаин 500 мг,  90 капсули",Natural Factors,17591,title,LG Length - cm; LH Width - cm; LI Height - cm,,https://stoletnika.eu/product/bromelain-extra-strength-bromelain-500-mg-90-kapsuli
337,2988,6908,1740 NF,"Natural Factors, Lactase Enzyme/ Лактаза Ензим 250 mg,  60 капсули",Natural Factors,17593,title,LG Length - cm; LH Width - cm; LI Height - cm,,https://stoletnika.eu/product/lactase-enzyme-laktaza-enzim-250-mg-60-kapsuli
338,2989,6910,1745 NF,"Natural Factors, MULTIENZYM FULL SPECTRUM 450 mg/ МУЛТИ ЕНЗИМ FULL SPECTRUM 450 mg, 60 V капсули",Natural Factors,17595,title,LG Length - cm; LH Width - cm; LI Height - cm,,https://stoletnika.eu/product/multienzym-full-spectrum-450-mg-multi-enzim-full-spectrum-450-mg-60-v-kapsuli
339,2990,6912,1747 NF,"Natural Factors, Soothe Digest 450 mg/Формула за добро храносмилане, 90  капсули",Natural Factors,17595,nearest: digestive nutritional product group,LG Length - cm; LH Width - cm; LI Height - cm,"Closest available template category selected: Health & Household / Vitamins, Minerals & Supplements / Enzymes / Multi-Enzyme Nutritional Supplements; Unsupported barcode format: 68958017471",https://stoletnika.eu/product/soothe-digest-450-mg-formula-za-dobro-hranosmilane-90-kapsuli
340,2991,6915,1748 NF,"Natural Factors, Papaya Enzymes Chewable with Amylase and Bromelain/ Папая ензими, 60 дъвчащи таблетки",Natural Factors,17591,title,LG Length - cm; LH Width - cm; LI Height - cm,,https://stoletnika.eu/product/papaya-enzymes-chewable-with-amylase-and-bromelain-papaya-enzimi-60-davchashti-tabletki
341,2992,6917,1757 NF,"Natural Factors, Premium Milk Thistle Siliphos Phytosome/БЯЛ ТРЪН СИЛИФОС ФИТОЗОМИ/ (ПАТЕНТОВАН ЕКСТРАКТ ОТ БЯЛ ТРЪН) 60 V- капсули",Natural Factors,17526,title,LG Length - cm; LH Width - cm; LI Height - cm,,https://stoletnika.eu/product/premium-milk-thistle-siliphos-phytosomebyal-tran-silifos-fitozomi-patentovan-ekstrakt-ot-byal-tran-60-v-kapsuli
342,2993,6919,1762 NF,"Natural Factors, MacroGest Растителна Ензимна Формула 280 mg, 60 V-капсули",Natural Factors,17595,title,LG Length - cm; LH Width - cm; LI Height - cm,,https://stoletnika.eu/product/macrogest-rastitelna-enzimna-formula-280-mg-60-v-kapsuli
343,2995,6923,1800 NF,"Natural Factors, Acidophilus Bifidus 5 Billion Active Cells/ Ацидофилус Бифидус 5 млрд. активни пробиотици, 90 капсули",Natural Factors,17689,title,LG Length - cm; LH Width - cm; LI Height - cm,,https://stoletnika.eu/product/acidophilus-bifidus-5-billion-active-cells-acidofilus-bifidus-5-mlrd-aktivni-probiotici-90-kapsuli
344,2996,6925,1805 NF,"Natural Factors, Acidophilus Bifidus Double Strength 10 Billion Active Cells/ АЦИДОФИЛУС БИФИДУС DOUBLE STRENGTH 10 млрд. активни пробиотици, 90 капсули",Natural Factors,17689,title,LG Length - cm; LH Width - cm; LI Height - cm; LY Country/Region of Origin,,https://stoletnika.eu/product/acidophilus-bifidus-double-strength-10-billion-active-cells-acidofilus-bifidus-double-strength-10-mlrd-aktivni-probiotici-90-kapsuli-tsena
345,2997,6927,1811 NF,"Natural Factors, Mega Probiotic 12 Billion Active Cells/ Мега Пробиотик 12 млрд. активни пробиотици, 4 щама формула, 75 g пудра",Natural Factors,17689,title,HT 1055 - Product Dosage Form; LG Length - cm; LH Width - cm; LI Height - cm,,https://stoletnika.eu/product/mega-probiotic-12-billion-active-cells-mega-probiotik-12-mlrd-aktivni-probiotici-4-shtama-formula-75g-pudra-tsena
346,2998,6928,1812 NF,"Natural Factors, TRAVEL BIOTIC 10 млрд. активни пробиотици, 60 V капсули",Natural Factors,17689,nearest: principal product ingredient,LG Length - cm; LH Width - cm; LI Height - cm,"Closest available template category selected: Health & Household / Vitamins, Minerals & Supplements / Digestive Supplements / Probiotics / Acidophilus Nutritional Supplements",https://stoletnika.eu/product/travel-biotic-10-mlrd-aktivni-probiotici-60-v-kapsuli-tsena
347,2999,6930,1814 NF,"Natural Factors, Senior’s  Multi Probiotic 35 billion active cells, 8 strain formula/ MУЛТИПРОБИОТИК ЗА ВЪЗРАСТНИ  35 млрд. активни пробтиоци, 8 щама формула, 30 V капсули",Natural Factors,17689,title,LG Length - cm; LH Width - cm; LI Height - cm,,https://stoletnika.eu/product/seniors-multi-probiotic-35-billion-active-cells-8-strain-formula-multiprobiotik-za-vazrastni-35-mlrd-aktivni-probtioci-8-shtama-formula-30-v-kapsuli-tsena
348,3000,6932,1819 NF,"Natural Factors, CRITICAL CARE PROBIOTIC 100 млрд. активни пробиотици, 9 щама формула, 30 V капсули",Natural Factors,17689,title,LG Length - cm; LH Width - cm; LI Height - cm,,https://stoletnika.eu/product/critical-care-probiotic-100-mlrd-aktivni-probiotici-9-shtama-formula-30-v-kapsuli-tsena
349,3001,6934,1847 NF,"Natural Factors, Ultimate Multi Probiotic 12 billion active cells 12 strain formula/ УЛТИМАТ МУЛТИ ПРОБИОТИК 12 млрд. активни пробиотици, 12 щама, 60 V -капсули",Natural Factors,17689,title,LG Length - cm; LH Width - cm; LI Height - cm,Unsupported barcode format: 68958018478,https://stoletnika.eu/product/ultimate-multi-probiotic-12-billion-active-cells-12-strain-formula-ultimat-multi-probiotik-12-mlrd-aktivni-probiotici-12-shtama-60-v-kapsuli-tsena
350,3002,6936,1849 NF,"Natural Factors, Women’s Multi Probiotic with CranRich 12 billion active cells/ Мулти пробиотик за жени (10 щама формула), 60 V капсули",Natural Factors,17689,title,LG Length - cm; LH Width - cm; LI Height - cm,,https://stoletnika.eu/product/womens-multi-probiotic-with-cranrich-12-billion-active-cells-multi-probiotik-za-jeni-10-shtama-formula-60-v-kapsuli
351,3003,6938,1851 NF,"Natural Factors, Big Friends Powder Multi Protbiotic 3 billion active cells/ МУЛТИ ПРОБИОТИК BIG FRIENDS ЗА ДЕЦА 3 млрд. активни пробиотици, 60 g пудра",Natural Factors,17689,title,LG Length - cm; LH Width - cm; LI Height - cm,,https://stoletnika.eu/product/big-friends-powder-multi-protbiotic-3-billion-active-cells-multi-probiotik-big-friends-za-deca-3-mlrd-aktivni-probiotici-60-g-pudra-tsena
352,3004,6940,1861 NF,"Natural Factors, IBS RELIEF BIOTIC 7 млрд. активни пробиотици, 4 щама формула, 30 V капсули",Natural Factors,17689,nearest: principal product ingredient,LG Length - cm; LH Width - cm; LI Height - cm,"Closest available template category selected: Health & Household / Vitamins, Minerals & Supplements / Digestive Supplements / Probiotics / Acidophilus Nutritional Supplements",https://stoletnika.eu/product/ibs-relief-biotic-7-mlrd-aktivni-probiotici-4-shtama-formula-30-v-kapsuli
353,3005,6942,1900 NF,"Natural Factors, Rеgener Life Increases Mitochondrial Energy/ 81 g пудра",Natural Factors,17643,nearest: antioxidant/nutritional combination group,HT 1055 - Product Dosage Form; LG Length - cm; LH Width - cm; LI Height - cm,"Closest available template category selected: Health & Household / Vitamins, Minerals & Supplements / Antioxidants / Antioxidant Combination Nutritional Supplements",https://stoletnika.eu/product/regener-life-increases-mitochondrial-energy-81-g-pudra
354,3006,6944,2055 NF,"Natural Factors, Apple Cider Vinegar/ Ябълков оцет 500 мг, 90 капсули",Natural Factors,17685,nearest: dietary-fiber/digestive nutritional product group,LG Length - cm; LH Width - cm; LI Height - cm,"Closest available template category selected: Health & Household / Vitamins, Minerals & Supplements / Digestive Supplements / Dietary Fiber Nutritional Supplements; Unsupported barcode format: 68958020557",https://stoletnika.eu/product/apple-cider-vinegar-yabalkov-ocet-500-mg-90-kapsuli
355,3007,6946,2070 NF,"Natural Factors, Coenzyme Q10/ Коензим Q10 100 mg, 30 софтгел капсули",Natural Factors,17595,title,LG Length - cm; LH Width - cm; LI Height - cm,,https://stoletnika.eu/product/coenzyme-q10-koenzim-q10-100-mg-30-softgel-kapsuli
356,3008,6948,20722 NF,"Natural Factors, Coenzyme Q10/ Коензим Q10, 200 мг, 60 софтгел капсули",Natural Factors,17595,title,LG Length - cm; LH Width - cm; LI Height - cm,,https://stoletnika.eu/product/coenzyme-q10-koenzim-q10-200-mg-60-softgel-kapsuli
357,3009,6950,20725 NF,"Natural Factors, Coenzyme Q10 400 mg/ Коензим Q10, 400 мг, 60 софтгел капсули",Natural Factors,17595,title,LG Length - cm; LH Width - cm; LI Height - cm,,https://stoletnika.eu/product/coenzyme-q10-400-mg-koenzim-q10-400-mg-60-softgel-kapsuli
358,3010,6952,20726 NF,"Natural Factors, Ubiquinol QH  Active CoQ 10 100 mg/ Убиквинол, QH Активен коензим Q10, 100 мг,",Natural Factors,17595,title,HT 1055 - Product Dosage Form; LG Length - cm; LH Width - cm; LI Height - cm,,https://stoletnika.eu/product/ubiquinol-qh-active-coq-10-100-mg-ubikvinol-qh-aktiven-koenzim-q10-100-mg
359,3011,6954,20729 NF,"Natural Factors, Ubiquinol Active CoQ 10/ Убиквинол  Активен Коензим Q10 Kaneka 200 mg, 30 софтгел капсули",Natural Factors,17595,title,LG Length - cm; LH Width - cm; LI Height - cm,,https://stoletnika.eu/product/ubiquinol-active-coq-10-ubikvinol-aktiven-koenzim-q10-kaneka-200-mg-30-softgel-kapsuli
360,3012,6956,2079 NF,"Natural Factors, Coenzyme Q10/ Коензим Q10 60 mg, 120 V капсули",Natural Factors,17595,title,LG Length - cm; LH Width - cm; LI Height - cm,,https://stoletnika.eu/product/coenzyme-q10-koenzim-q10-60-mg-120-v-kapsuli
361,3013,6958,2090 NF,"Natural Factors, Pycnogenol 25 mg/ Пикногенол, 25 мг, 60 капсули",Natural Factors,17633,title,LG Length - cm; LH Width - cm; LI Height - cm,,https://stoletnika.eu/product/pycnogenol-25-mg-piknogenol-25-mg-60-kapsuli
362,3014,6960,2091 NF,"Natural Factors, Pycnogenol  French Maritime Pine Bark Extract/ Пикногенол 100mg, 30 V капсули",Natural Factors,17633,title,LG Length - cm; LH Width - cm; LI Height - cm,,https://stoletnika.eu/product/pycnogenol-french-maritime-pine-bark-extract-piknogenol-100mg-30-v-kapsuli
363,3015,6962,2094 NF,"Natural Factors, R-Alpha-Lipoic Acid/ Алфа-липоева киселина (R-форма), 100 мг, 60 вегетариански капсули",Natural Factors,17628,title,LG Length - cm; LH Width - cm; LI Height - cm,,https://stoletnika.eu/product/r-alpha-lipoic-acid-alfa-lipoeva-kiselina-r-forma-100-mg-60-vegetarianski-kapsuli
364,3016,6964,2098 NF,"Natural Factors, Alpha - Lipoic Acid/ Алфа-липоева киселина, 200 мг, 60 капсули",Natural Factors,17628,title,LG Length - cm; LH Width - cm; LI Height - cm,,https://stoletnika.eu/product/alpha-lipoic-acid-alfa-lipoeva-kiselina-200-mg-60-kapsuli-tsena
365,3017,6966,2101 NF,"Natural Factors, ALPHA- LIPOIC ACID/АЛФА-ЛИПОЕВА КИСЕЛИНА 400 mg , 60 капсули",Natural Factors,17628,title,LG Length - cm; LH Width - cm; LI Height - cm,,https://stoletnika.eu/product/alpha-lipoic-acid-alfa-lipoeva-kiselina-400-mg-60-kapsuli
366,3018,6968,2200 NF,"Natural Factors, Fenugreek Seed/ Сминдух, семена, 500 мг, 90 капсули",Natural Factors,17604,nearest: general nutritional supplement group; exact leaf absent,LG Length - cm; LH Width - cm; LI Height - cm,"Closest available template category selected: Health & Household / Vitamins, Minerals & Supplements / Blended Vitamin & Mineral Supplements",https://stoletnika.eu/product/fenugreek-seed-sminduh-semena-500-mg-90-kapsuli-tsena
367,3019,6970,2210 NF,"Natural Factors, Flaxseed oil /Certified Organic/Ленено масло 1000 mg x 90 капсули",Natural Factors,17672,title,LG Length - cm; LH Width - cm; LI Height - cm,,https://stoletnika.eu/product/flaxseed-oil-certified-organicleneno-maslo-1000-mg-x-90-kapsuli
368,3020,6972,2211 NF,"Natural Factors, Flaxseed oil /Certified Organic/Ленено масло 1000 mg x 180 капсули",Natural Factors,17672,title,LG Length - cm; LH Width - cm; LI Height - cm,,https://stoletnika.eu/product/flaxseed-oil-certified-organicleneno-maslo-1000-mg-x-180-kapsuli
369,3021,6974,2265 NF,"Natural Factors, 100% Wild Alaskan Salmon Oil Complete Omega/ Дива сьомга (от Аляска) масло 1300 mg x 90 софтгел капсули",Natural Factors,17669,nearest: fish-oil supplement group,LG Length - cm; LH Width - cm; LI Height - cm,"Closest available template category selected: Health & Household / Vitamins, Minerals & Supplements / Essential Fatty Acids / Fish Oil Nutritional Supplements",https://stoletnika.eu/product/100-wild-alaskan-salmon-oil-complete-omega-diva-syomga-ot-alyaska-maslo-1300-mg-x-90-softgel-kapsuli-tsena
370,3022,6976,2332 NF,"Natural Factors, Super Strenght Garlic Concentrate/ Чесън Супер Концентрат 500 mg, 90 стомашно устойчиви софтгел капсули",Natural Factors,17515,title,LG Length - cm; LH Width - cm; LI Height - cm,,https://stoletnika.eu/product/super-strenght-garlic-concentrate-chesan-super-koncentrat-500-mg-90-stomashno-ustoychivi-softgel-kapsuli-tsena
371,3023,6978,2346 NF,"Natural Factors,O.F. Ultra Prim Evening Primrose Oil/ Вечерна иглика масло, 1000 мг",Natural Factors,17513,title,LG Length - cm; LH Width - cm; LI Height - cm,,https://stoletnika.eu/product/of-ultra-prim-evening-primrose-oil-vecherna-iglika-maslo-1000-mg
372,3024,6980,2351 NF,"Natural Factors, O.F. Ultra Prim Evening Primrose Oil /Вечерна иглика масло, 500 мг, 90 софтгел капсули",Natural Factors,17513,title,LG Length - cm; LH Width - cm; LI Height - cm,,https://stoletnika.eu/product/of-ultra-prim-evening-primrose-oil-vecherna-iglika-maslo-500-mg-90-softgel-kapsuli-tsena
373,3025,6982,2352 NF,"Natural Factors, O.F. Ultra Prim Evening Primrose Oil / Вечерна иглика масло, 500 мг,",Natural Factors,17513,title,LG Length - cm; LH Width - cm; LI Height - cm,,https://stoletnika.eu/product/of-ultra-prim-evening-primrose-oil-vecherna-iglika-maslo-500-mg
374,3026,6984,2400 NF,"Natural Factors, RevitalX Чревновъзстановителна Формула, 454 g пудра",Natural Factors,17707,nearest: declared composition,HT 1055 - Product Dosage Form; LG Length - cm; LH Width - cm; LI Height - cm,"Closest available template category selected: Health & Household / Vitamins, Minerals & Supplements / Vitamins / Vitamin C Supplements",https://stoletnika.eu/product/revitalx-chrevnovazstanovitelna-formula-454-g-pudra
375,3027,6986,2600 NF,"Natural Factors, Lecithin/ Лецитин, 1200 мг, 90 капсули",Natural Factors,17715,title,LG Length - cm; LH Width - cm; LI Height - cm,,https://stoletnika.eu/product/lecithin-lecitin-1200-mg-90-kapsuli
376,3028,6988,2601 NF,"Natural Factors, Lecithin1200 mg/ Лецитин, 1200 mg, 180 капсули",Natural Factors,17715,title,LG Length - cm; LH Width - cm; LI Height - cm,,https://stoletnika.eu/product/lecithin1200-mg-lecitin-1200-mg-180-kapsuli
377,3029,6990,2605 NF,"Natural Factors, Phosphatidyl Choline (PC) 420 mg/ ФосфатидилХолин, 420 мг, 90 софтгел капсули",Natural Factors,17716,title,LG Length - cm; LH Width - cm; LI Height - cm,,https://stoletnika.eu/product/phosphatidyl-choline-pc-420-mg-fosfatidilholin-420-mg-90-softgel-kapsuli-tsena
378,3030,6992,2607 NF,"Natural Factors, BioPQQ Pyrroloquinoliune Quinone/ BioPQQ (ПИРОЛОХИНОЛИН КВИНОН) 20 mg, 30 V- капсули",Natural Factors,17604,nearest: general nutritional supplement group; exact leaf absent,LG Length - cm; LH Width - cm; LI Height - cm,"Closest available template category selected: Health & Household / Vitamins, Minerals & Supplements / Blended Vitamin & Mineral Supplements",https://stoletnika.eu/product/biopqq-pyrroloquinoliune-quinone-biopqq-pirolohinolin-kvinon-20-mg-30-v-kapsuli
379,3031,6994,2612 NF,"Natural Factors, PS (Phosphatidylserine) 100 mg/ ПиЕс ФосфатидилСерин 100 мг, 30 софтгел капсули",Natural Factors,17643,nearest: antioxidant/nutritional combination group,LG Length - cm; LH Width - cm; LI Height - cm,"Closest available template category selected: Health & Household / Vitamins, Minerals & Supplements / Antioxidants / Antioxidant Combination Nutritional Supplements",https://stoletnika.eu/product/ps-phosphatidylserine-100-mg-pies-fosfatidilserin-100-mg-30-softgel-kapsuli
380,3032,6996,2614 NF,"Natural Factors, PS-IQ Memory/ ПиЕс АйКю Памет, 60 софтгел капсули",Natural Factors,17643,nearest: antioxidant/nutritional combination group,LG Length - cm; LH Width - cm; LI Height - cm,"Closest available template category selected: Health & Household / Vitamins, Minerals & Supplements / Antioxidants / Antioxidant Combination Nutritional Supplements",https://stoletnika.eu/product/ps-iq-memory-pies-aykyu-pamet-60-softgel-kapsuli
381,3033,6998,2617 NF,"Natural Factors, PQQ Pyrroloquinoliune Quinone+ Coenzyme Q10/ PQQ- 10 (ПИРОЛОХИНОЛИН КВИНОН 20 mg + КОЕНЗИМ Q10 200 mg), 30 софтгел капсули",Natural Factors,17595,title,LG Length - cm; LH Width - cm; LI Height - cm,,https://stoletnika.eu/product/pqq-pyrroloquinoliune-quinone-coenzyme-q10-pqq-10-pirolohinolin-kvinon-20-mg-koenzim-q10-200-mg-30-softgel-kapsuli
382,3034,7000,2652 NF,"Natural Factors, MSM 1000 mg/ МСМ 1000 mg, 90 капсули",Natural Factors,17589,nearest: joint nutritional supplement group,LG Length - cm; LH Width - cm; LI Height - cm,"Closest available template category selected: Health & Household / Vitamins, Minerals & Supplements / Chondroitin & Glucosamine / Chondroitin & Glucosamine Combination Nutritional Supplements",https://stoletnika.eu/product/msm-1000-mg-msm-1000-mg-90-kapsuli-tsena
383,3035,7002,2680 NF A,"Natural Factors, Hyabest Hyaluronic Acid/ Hyabest Хиалуронова Киселина 100 mg, 60 V капсули",Natural Factors,17692,title,LG Length - cm; LH Width - cm; LI Height - cm,,https://stoletnika.eu/product/hyabest-hyaluronic-acid-hyabest-hialuronova-kiselina-100-mg-60-v-kapsuli
384,3036,7004,2684 NF,"Natural Factors, OsteoMove Extra Strength Joint Care/ ОстеоМуув супер грижа за ставите, 1431 mg, 120 таблетки",Natural Factors,17589,nearest: joint nutritional supplement group,LG Length - cm; LH Width - cm; LI Height - cm,"Closest available template category selected: Health & Household / Vitamins, Minerals & Supplements / Chondroitin & Glucosamine / Chondroitin & Glucosamine Combination Nutritional Supplements",https://stoletnika.eu/product/osteomove-extra-strength-joint-care-osteomuuv-super-grija-za-stavite-1431-mg-120-tabletki
385,3037,7006,26841 NF,"Natural Factors, ОстеоМуув (OsteoMove) Супер грижа за ставите, 1431 mg x 240 таблетки",Natural Factors,17589,nearest: joint nutritional supplement group,LG Length - cm; LH Width - cm; LI Height - cm,"Closest available template category selected: Health & Household / Vitamins, Minerals & Supplements / Chondroitin & Glucosamine / Chondroitin & Glucosamine Combination Nutritional Supplements",https://stoletnika.eu/product/osteomuuv-osteomove-super-grija-za-stavite-1431-mg-x-240-tabletki
386,3038,7008,26842 NF,"Natural Factors, ОстеоМуув (OsteoMove) Супер грижа за ставите, 1431 mg x 60 таблетки",Natural Factors,17589,nearest: joint nutritional supplement group,LG Length - cm; LH Width - cm; LI Height - cm,"Closest available template category selected: Health & Household / Vitamins, Minerals & Supplements / Chondroitin & Glucosamine / Chondroitin & Glucosamine Combination Nutritional Supplements",https://stoletnika.eu/product/osteomuuv-osteomove-super-grija-za-stavite-1431-mg-x-60-tabletki
387,3039,7010,2693 NF,"НЕМ натурална яйчена мембрана Natural Factors NEM Natural Eggshell Membrane 500 mg, 60 V-капсули",Natural Factors,17622,nearest: protein/amino-acid nutritional supplement group,LG Length - cm; LH Width - cm; LI Height - cm,"Closest available template category selected: Health & Household / Vitamins, Minerals & Supplements / Collagen Supplements",https://stoletnika.eu/product/nem-natural-eggshell-membrane-nem-natural-eggshell-membrane-500-mg-60-v-kapsuli
388,3042,7016,2710 NF,"Natural Factors, Soy Isoflavone/ Соя изофлавони комплекс, 50 мг, 60 капсули",Natural Factors,17604,nearest: general nutritional supplement group; exact leaf absent,LF Weight - g; LG Length - cm; LH Width - cm; LI Height - cm,"Closest available template category selected: Health & Household / Vitamins, Minerals & Supplements / Blended Vitamin & Mineral Supplements; Multiple composition sections in source: verify against the label",https://stoletnika.eu/product/soy-isoflavone-soya-izoflavoni-kompleks-50-mg-60-kapsuli-tsena
389,3045,7022,2717 NF,"Natural Factors, Melatonin/ Мелатонин 5 mg, 90 таблетки",Natural Factors,17718,title,LG Length - cm; LH Width - cm; LI Height - cm,,https://stoletnika.eu/product/melatonin-melatonin-5-mg-tsena
390,3046,7024,2718 NF,"Natural Factors, Melatonin/ Мелатонин, 5 мг, 180 таблетки",Natural Factors,17718,title,LG Length - cm; LH Width - cm; LI Height - cm,,https://stoletnika.eu/product/melatonin-5-mg-180tabl-tsena
391,3047,7026,2719 NF,"Natural Factors, Melatonin/ Мелатонин, 10 мг, 90 сублингвални таблетки",Natural Factors,17718,title,LG Length - cm; LH Width - cm; LI Height - cm,,https://stoletnika.eu/product/melatonin-melatonin-10-mg
392,3048,7028,2801 NF,"Natural Factors, L-Carnitine 500 mg/ L-карнитин, 500 мг, 60 V капсули",Natural Factors,17622,nearest: protein/amino-acid nutritional supplement group,LG Length - cm; LH Width - cm; LI Height - cm,"Closest available template category selected: Health & Household / Vitamins, Minerals & Supplements / Collagen Supplements",https://stoletnika.eu/product/l-carnitine-500-mg-l-karnitin-500-mg-60-v-kapsuli
393,3049,7030,2803 NF,"Natural Factors, L-Tyrosine 500 mg/ L-тирозин, 500 мг, 60 V капсули",Natural Factors,17622,nearest: protein/amino-acid nutritional supplement group,LG Length - cm; LH Width - cm; LI Height - cm,"Closest available template category selected: Health & Household / Vitamins, Minerals & Supplements / Collagen Supplements",https://stoletnika.eu/product/l-tyrosine-500-mg-l-tirozin-500-mg-60-v-kapsuli-tsena
394,3050,7032,2804 NF,"Natural Factors, Micronized L-Glutamine/ Л-Глутамин (Микронизиран) 5 g, 300 g пудра /60 дози",Natural Factors,17622,nearest: protein/amino-acid nutritional supplement group,HT 1055 - Product Dosage Form; LG Length - cm; LH Width - cm; LI Height - cm,"Closest available template category selected: Health & Household / Vitamins, Minerals & Supplements / Collagen Supplements",https://stoletnika.eu/product/micronized-l-glutamine-l-glutamin-mikroniziran-5-g-300-g-pudra-60-dozi
395,3053,7038,2820 NF A,"Natural Factors, L-Glutamine Micronized/ Глутамин (микронизиран) 500 mg, 90 V капсули",Natural Factors,17622,nearest: protein/amino-acid nutritional supplement group,LG Length - cm; LH Width - cm; LI Height - cm,"Closest available template category selected: Health & Household / Vitamins, Minerals & Supplements / Collagen Supplements; Unsupported barcode format: 68958028200",https://stoletnika.eu/product/l-glutamine-micronized-glutamin-mikroniziran-500-mg-90-v-kapsuli
396,3054,7040,2820 NF,"Natural Factors, L-Glutamine 500 mg/ L-глутамин, 500 мг, 60 V капсули",Natural Factors,17622,nearest: protein/amino-acid nutritional supplement group,LG Length - cm; LH Width - cm; LI Height - cm,"Closest available template category selected: Health & Household / Vitamins, Minerals & Supplements / Collagen Supplements",https://stoletnika.eu/product/l-glutamine-500-mg-l-glutamin-500-mg-60-v-kapsuli
397,3055,7042,2821 NF,"Natural Factors, L-Arginine 500 mg/ L-аргинин, 500 мг,  90 V капсули",Natural Factors,17622,nearest: protein/amino-acid nutritional supplement group,LG Length - cm; LH Width - cm; LI Height - cm,"Closest available template category selected: Health & Household / Vitamins, Minerals & Supplements / Collagen Supplements",https://stoletnika.eu/product/l-arginine-500-mg-l-arginin-500-mg-90-v-kapsuli
398,3056,7044,2823 NF,"Natural Factors, L-Lysine 500 mg/ L-лизин, 500 мг, 90 V капсули",Natural Factors,17622,nearest: protein/amino-acid nutritional supplement group,LG Length - cm; LH Width - cm; LI Height - cm,"Closest available template category selected: Health & Household / Vitamins, Minerals & Supplements / Collagen Supplements",https://stoletnika.eu/product/l-lysine-500-mg-l-lizin-500-mg-90-v-kapsuli
399,3059,7050,2831 NF,"Natural Factors, Tranquil Sleep Stress-Relax 116 mg, 90 дъвчащи таблетки",Natural Factors,17718,nearest: herbal/nutritional relaxation product group,LG Length - cm; LH Width - cm; LI Height - cm,"Closest available template category selected: Health & Household / Vitamins, Minerals & Supplements / Herbal & Nutritional Sleep Supplements",https://stoletnika.eu/product/tranquil-sleep-stress-relax-116-mg-90-davchashti-tabletki
400,3060,7052,2832 NF,"Natural Factors, Mental Calmness Stress-Relax 100 mg/ 60 дъвчащи таблетки",Natural Factors,17718,nearest: herbal/nutritional relaxation product group,LG Length - cm; LH Width - cm; LI Height - cm,"Closest available template category selected: Health & Household / Vitamins, Minerals & Supplements / Herbal & Nutritional Sleep Supplements",https://stoletnika.eu/product/mental-calmness-stress-relax-100-mg-60-davchashti-tabletki
401,3062,7056,2834 NF,"Natural Factors, Stress-Relax Serenity Formula/ Serenity Formula, антистрес формула, 60 капсули",Natural Factors,17718,nearest: herbal/nutritional relaxation product group,LG Length - cm; LH Width - cm; LI Height - cm,"Closest available template category selected: Health & Household / Vitamins, Minerals & Supplements / Herbal & Nutritional Sleep Supplements",https://stoletnika.eu/product/stress-relax-serenity-formula-serenity-formula-antistres-formula-60-kapsuli
402,3063,7058,2836 NF,"Natural Factors, ГАБА  (ГАМА АМИНОБУТИРОВА КИСЕЛИНА) 100 mg, 90 V- капсули",Natural Factors,17718,nearest: herbal/nutritional relaxation product group,LG Length - cm; LH Width - cm; LI Height - cm,"Closest available template category selected: Health & Household / Vitamins, Minerals & Supplements / Herbal & Nutritional Sleep Supplements",https://stoletnika.eu/product/gama-gama-aminobutirova-kiselina-100-mg-90-v-kapsuli
403,3065,7062,2854 NF,"Natural Factors, Saffron Extract 100% / Екстракт от шафран, 60 V капсули",Natural Factors,17509,nearest: flower/herb extract group,LG Length - cm; LH Width - cm; LI Height - cm,"Closest available template category selected: Health & Household / Vitamins, Minerals & Supplements / Herbal Supplements / Chamomile Herbal Supplements",https://stoletnika.eu/product/saffron-extract-100-ekstrakt-ot-shafran-60-v-kapsuli
404,3066,7064,2909 NF,"Natural Factors, Fresh Kelp Extract/ Келп, течен екстракт, 50 мл",Natural Factors,17611,title,LG Length - cm; LH Width - cm; LI Height - cm,,https://stoletnika.eu/product/fresh-kelp-extract-kelp-techen-ekstrakt-50-ml
405,3067,7066,2923 NF,"Natural Factors, Vegan Protein High Protein Formula/ Веган Протеин с Вкус на Ванилия, 1 kg пудра",Natural Factors,17622,nearest: protein/amino-acid nutritional supplement group,HT 1055 - Product Dosage Form; LG Length - cm; LH Width - cm; LI Height - cm,"Closest available template category selected: Health & Household / Vitamins, Minerals & Supplements / Collagen Supplements",https://stoletnika.eu/product/vegan-protein-high-protein-formula-vegan-protein-s-vkus-na-vaniliya-1-kg-pudra-tsena
406,3068,7068,2924 NF,"Natural Factors, Vegan Protein High Protein Formula/ Веган Протеин с Вкус На Шоколад, 1 kg пудра",Natural Factors,17622,nearest: protein/amino-acid nutritional supplement group,HT 1055 - Product Dosage Form; LG Length - cm; LH Width - cm; LI Height - cm,"Closest available template category selected: Health & Household / Vitamins, Minerals & Supplements / Collagen Supplements",https://stoletnika.eu/product/vegan-protein-high-protein-formula-vegan-protein-s-vkus-na-shokolad-1-kg-pudra
407,3069,7070,2926 NF,"Natural Factors, Whey Factors Grass Fed Whey Protein/ Суроватъчен Протеин Изолат с Вкус на Ванилия,  1 kg пудра",Natural Factors,17622,nearest: protein/amino-acid nutritional supplement group,HT 1055 - Product Dosage Form; LG Length - cm; LH Width - cm; LI Height - cm,"Closest available template category selected: Health & Household / Vitamins, Minerals & Supplements / Collagen Supplements",https://stoletnika.eu/product/whey-factors-grass-fed-whey-protein-surovatachen-protein-izolat-s-vkus-na-vaniliya-1-kg-pudra
408,3070,7072,2927 NF,"Natural Factors, Whey Factors Grass Fed Whey Protein/Суроватъчен Протеин Изолат с Вкус на Шоколад,  1 kg пудра",Natural Factors,17622,nearest: protein/amino-acid nutritional supplement group,HT 1055 - Product Dosage Form; LG Length - cm; LH Width - cm; LI Height - cm,"Closest available template category selected: Health & Household / Vitamins, Minerals & Supplements / Collagen Supplements",https://stoletnika.eu/product/whey-factors-grass-fed-whey-protein-surovatachen-protein-izolat-s-vkus-na-shokolad-1-kg-pudra
409,3071,7074,3161 NF,"Natural Factors, Bee Propolis/ Прополис, 500 mg x 90 капсули",Natural Factors,17605,nearest: bee-product supplement group,LG Length - cm; LH Width - cm; LI Height - cm,"Closest available template category selected: Health & Household / Vitamins, Minerals & Supplements / Royal Jelly Nutritional Supplements",https://stoletnika.eu/product/bee-propolis-propolis-500-mg-x-90-kapsuli
410,3072,7076,3504 NF,"Natural Factors, Lung, Bronchial & Sinus Health/ Бял дроб, бронхи и синуси 650 мг х 45 таблетки",Natural Factors,17575,nearest: herbal preparation group,LG Length - cm; LH Width - cm; LI Height - cm,"Closest available template category selected: Health & Household / Vitamins, Minerals & Supplements / Herbal Supplements / Marshmallow Root Herbal Supplements",https://stoletnika.eu/product/lung-bronchial-sinus-health-byal-drob-bronhi-i-sinusi-650-mg-h-45-tabletki
411,3073,7078,3512 NF,"Natural Factors, ULTIMATE PROSTATE SUPPORT 410 mg, 60 софтгел капсули",Natural Factors,17534,nearest: declared composition,LG Length - cm; LH Width - cm; LI Height - cm,"Closest available template category selected: Health & Household / Vitamins, Minerals & Supplements / Herbal Supplements / Saw Palmetto Herbal Supplements",https://stoletnika.eu/product/ultimate-prostate-support-410-mg-kompleksna-grija-za-prostata-60-softgel-kapsuli-tsena
412,3074,7080,3516 NF,"Natural Factors, Peppermint Oil with Oregano & Caraway Seed Oils/  Мента масло с риган и ким, 60 ентерично покрити софтгел капсули",Natural Factors,17532,title,LG Length - cm; LH Width - cm; LI Height - cm,,https://stoletnika.eu/product/peppermint-oil-with-oregano-caraway-seed-oils-menta-maslo-s-rigan-i-kim-60-enterichno-pokriti-softgel-kapsuli
413,3075,7082,3534 NF,"Natural Factors, VISION FACTORS,  60 капсули",Natural Factors,17560,nearest: fruit/berry extract group,LG Length - cm; LH Width - cm; LI Height - cm,"Closest available template category selected: Health & Household / Vitamins, Minerals & Supplements / Herbal Supplements / Fruit Extracts / Bilberry Herbal Supplements; Unsupported barcode format: 6895803534",https://stoletnika.eu/product/vision-factors-60-kapsuli-tsena
414,3076,7084,3540 NF,"Natural Factors, Magnesium Citrate/ Магнезиев цитрат 250 гр пудра",Natural Factors,17613,title,HT 1055 - Product Dosage Form; LG Length - cm; LH Width - cm; LI Height - cm,,https://stoletnika.eu/product/magnesium-citrate-magneziev-citrat-250-gr-pudra
415,3078,7088,35493 NF,"Natural Factors, Rx Omega-3 Maximum Triple Strenght/ (Тройна концентрация 900 mg EPA/DHA) 1425 mg",Natural Factors,17665,title,HT 1055 - Product Dosage Form; LG Length - cm; LH Width - cm; LI Height - cm,,https://stoletnika.eu/product/rx-omega-3-maximum-triple-strenght-troyna-koncentraciya-900-mg-epadha-1425-mg-tsena
416,3079,7090,35501 NF,"Natural Factors, Women’s  50+ Multivitamin & Mineral/ Мултивитамини за Жени 50+, 60 таблетки",Natural Factors,17711,title,LG Length - cm; LH Width - cm; LI Height - cm,,https://stoletnika.eu/product/womens-50-multivitamin-mineral-multivitamini-za-jeni-50-60-tabletki
417,3080,7092,35502 NF,"Natural Factors, Women’s Multivitamin & Mineral/ Мултивитамини за жени, 60 таблетки",Natural Factors,17711,title,LG Length - cm; LH Width - cm; LI Height - cm,,https://stoletnika.eu/product/womens-multivitamin-mineral-multivitamini-za-jeni-60-tabletki
418,3081,7094,35503 NF,"Natural Factors, WHOLE EARTH & SEA Men’s 50+ Multivitamin & Mineral/МУЛТИВИТАМИНИ И МИНЕРАЛИ ЗА МЪЖЕ 50+, 60 таблетки",Natural Factors,17711,title,LG Length - cm; LH Width - cm; LI Height - cm,,https://stoletnika.eu/product/whole-earth-sea-mens-50-multivitamin-mineralmultivitamini-i-minerali-za-maje-50-60-tabletki
419,3082,7096,35504 NF,"Natural Factors, WHOLE EARTH & SEA Men’s Multivitamin & Mineral/ Мултивитамини и минерали за мъже х 60 таблетки",Natural Factors,17711,title,LG Length - cm; LH Width - cm; LI Height - cm,,https://stoletnika.eu/product/whole-earth-sea-mens-multivitamin-mineral-multivitamini-i-minerali-za-maje-h-60-tabletki-tsena
420,3083,7098,3551 NF,"Natural Factors, SlimStyles with PGX Meal Replacement Drink Mix Doule Chocolate, 800 g пудра, Суроватъчен протеин с вкус на шоколад",Natural Factors,17622,nearest: protein/amino-acid nutritional supplement group,HT 1055 - Product Dosage Form; LG Length - cm; LH Width - cm; LI Height - cm,"Closest available template category selected: Health & Household / Vitamins, Minerals & Supplements / Collagen Supplements",https://stoletnika.eu/product/slimstyles-with-pgx-meal-replacement-drink-mix-doule-chocolate-800-g-pudra-surovatachen-protein-s-vkus-na-shokolad
421,3084,7100,35510 NF,"Natural Factors, Super Mushroom 700 mg/ 60 V- капсули",Natural Factors,17527,title,LG Length - cm; LH Width - cm; LI Height - cm,,https://stoletnika.eu/product/super-mushroom-700-mg-60-v-kapsuli-tsena
422,3085,7102,35512 NF,"Natural Factors, Vitamin D3 Vegan Bioenhanced 1000 IU/ Витамин D3 (ВЕГАН) 1000 IU",Natural Factors,17708,title,HT 1055 - Product Dosage Form; LG Length - cm; LH Width - cm; LI Height - cm,,https://stoletnika.eu/product/vitamin-d3-vegan-bioenhanced-1000-iu-vitamin-d3-vegan-1000-iu
423,3086,7104,35513 NF,"Natural Factors, Whole Earth & Sea Sunflower Vitamin E 400 IU/ Витамин Е (пот Слънчоглед) 400 IU, 60 таблетки",Natural Factors,17709,title,LG Length - cm; LH Width - cm; LI Height - cm,,https://stoletnika.eu/product/whole-earth-sea-sunflower-vitamin-e-400-iu-vitamin-e-pot-slanchogled-400-iu-60-tabletki
424,3087,7106,35514 NF,"Natural Factors, Deep Ocean Minerals/Дълбоководни Морски Минерали  3200 mg,  течен 100 ml,",Natural Factors,17615,nearest: multi-mineral supplement group,LG Length - cm; LH Width - cm; LI Height - cm,"Closest available template category selected: Health & Household / Vitamins, Minerals & Supplements / Minerals / Multiminerals Mineral Supplements",https://stoletnika.eu/product/deep-ocean-mineralsdalbokovodni-morski-minerali-3200-mg-techen-100-ml
425,3088,7108,35518 NF,"Natural Factors, Horseradish Respiratory Relief 1134 mg, 60 таблетки",Natural Factors,17707,nearest: declared composition,LG Length - cm; LH Width - cm; LI Height - cm,"Closest available template category selected: Health & Household / Vitamins, Minerals & Supplements / Vitamins / Vitamin C Supplements; Unsupported barcode format: 68958355184",https://stoletnika.eu/product/horseradish-respiratory-relief-hryan-kompleks-1134-mg-60-tabletki
426,3089,7110,3552 NF,"Natural Factors, SlimStyles with PGX Meal Replacement Drink Mix French Vanilla/ Суроватъчен протеин, 800 g пудра, с вкус на ванилия",Natural Factors,17622,nearest: protein/amino-acid nutritional supplement group,HT 1055 - Product Dosage Form; LG Length - cm; LH Width - cm; LI Height - cm,"Closest available template category selected: Health & Household / Vitamins, Minerals & Supplements / Collagen Supplements",https://stoletnika.eu/product/slimstyles-with-pgx-meal-replacement-drink-mix-french-vanilla-surovatachen-protein-800-g-pudra-s-vkus-na-vaniliya
427,3090,7112,35524 NF,"Natural Factors, WHOLE EARTH & SEA 100% FERMENTED ORGANIC GREENS ХРАНИТЕЛНА ДОБАВКА, 438 g пудра",Natural Factors,17685,nearest: declared composition,HT 1055 - Product Dosage Form; LG Length - cm; LH Width - cm; LI Height - cm,"Closest available template category selected: Health & Household / Vitamins, Minerals & Supplements / Digestive Supplements / Dietary Fiber Nutritional Supplements",https://stoletnika.eu/product/whole-earth-sea-100-fermented-organic-greens-hranitelna-dobavka-438-g-pudra-s-vkus-na-shokolad
428,3091,7114,35525 NF,"Natural Factors, Whole Earth & Sea 100% Fermented Organic Greens/ 390 g пудра , с тропически вкус",Natural Factors,17685,nearest: declared composition,HT 1055 - Product Dosage Form; LG Length - cm; LH Width - cm; LI Height - cm,"Closest available template category selected: Health & Household / Vitamins, Minerals & Supplements / Digestive Supplements / Dietary Fiber Nutritional Supplements",https://stoletnika.eu/product/whole-earth-sea-100-fermented-organic-greens-390-g-pudra-s-tropicheski-vkus
429,3092,7116,35526 NF,"Natural Factors, WHOLE EARTH & SEA 100% FERMENTED ORGANIC GREENS, 390 g пудра",Natural Factors,17685,nearest: declared composition,HT 1055 - Product Dosage Form; LG Length - cm; LH Width - cm; LI Height - cm,"Closest available template category selected: Health & Household / Vitamins, Minerals & Supplements / Digestive Supplements / Dietary Fiber Nutritional Supplements",https://stoletnika.eu/product/whole-earth-sea-100-fermented-organic-greens-390-g-pudra
430,3093,7118,35551 NF,"Natural Factors, Marine Dha/ Веган Омега-3 от микроводорасли, 30 V-софтгел капсули",Natural Factors,17665,title,LG Length - cm; LH Width - cm; LI Height - cm,,https://stoletnika.eu/product/marine-dha-vegan-omega-3-ot-mikrovodorasli-30-v-softgel-kapsuli-tsena
431,3094,7120,35552 NF,"Natural Factors, Beets, Blueberry, Black Currant & Acai Whole Earth & Sea 100% Fermented, Organic/ Червено Цвекло, Боровинки, Касис, Акай Бери, 188 g пудра",Natural Factors,17683,title,HT 1055 - Product Dosage Form; LG Length - cm; LH Width - cm; LI Height - cm,,https://stoletnika.eu/product/beets-blueberry-black-currant-acai-whole-earth-sea-100-fermented-organic-cherveno-yucveklo-borovinki-kasis-akay-beri-188-g-pudra-tsena
432,3095,7122,35553 NF,"Natural Factors, Soothe Me Power-up Mixer, 100% Fermented, Organic/Куркума, Джинджифил, Канела, Кардамон, 125 g пудра",Natural Factors,17510,title,HT 1055 - Product Dosage Form; LG Length - cm; LH Width - cm; LI Height - cm,,https://stoletnika.eu/product/soothe-me-power-up-mixer-turmeric-ginger-cinnaon-cardamom-whole-earth-sea-100-fermented-organic-kurkuma-djindjifil-kanela-kardamon-125-g-pudra
433,3096,7124,35554 NF,"Natural Factors, Boost Me Power-up Mixer Мака, Ашваганда, Смес от Гъби Maca,175 g пудра",Natural Factors,17527,title,HT 1055 - Product Dosage Form; LG Length - cm; LH Width - cm; LI Height - cm,,https://stoletnika.eu/product/boost-me-power-up-mixer-maka-ashvaganda-smes-ot-gabi-maca-ashwagandha-mushrooms-whole-earth-sea100-fermented-organic-175-g-pudra
434,3097,7126,3556 NF,"Natural Factors, PGX Daily, Ultra Matrix, 750 мг, 120 софтгел капсули",Natural Factors,17685,nearest: dietary-fiber/digestive nutritional product group,LG Length - cm; LH Width - cm; LI Height - cm,"Closest available template category selected: Health & Household / Vitamins, Minerals & Supplements / Digestive Supplements / Dietary Fiber Nutritional Supplements",https://stoletnika.eu/product/pgx-daily-ultra-matrix-750-mg-120-softgel-kapsuli
435,3098,7128,3570 NF,"Natural Factors, PGX Daily Ultra Singels, 30 сашета",Natural Factors,17685,nearest: dietary-fiber/digestive nutritional product group,HT 1055 - Product Dosage Form; LG Length - cm; LH Width - cm; LI Height - cm,"Closest available template category selected: Health & Household / Vitamins, Minerals & Supplements / Digestive Supplements / Dietary Fiber Nutritional Supplements",https://stoletnika.eu/product/pgx-daily-ultra-singels-30-sasheta-tsena
436,3099,7130,3571 NF,"Natural Factors, PGX Daily Ultra Matrix 750 mg, 240 софтгел капсули",Natural Factors,17685,nearest: dietary-fiber/digestive nutritional product group,LG Length - cm; LH Width - cm; LI Height - cm,"Closest available template category selected: Health & Household / Vitamins, Minerals & Supplements / Digestive Supplements / Dietary Fiber Nutritional Supplements",https://stoletnika.eu/product/pgx-daily-ultra-matrix-750-mg-240-softgel-kapsuli
437,3100,7132,35744 NF,"Natural Factors, SeaRich Omega-3 4500 mg (1500 mg EPA/ 750 mg DHA) + витамин D3 1000 IU - 200 ml, 40 дози",Natural Factors,17665,title,LG Length - cm; LH Width - cm; LI Height - cm,,https://stoletnika.eu/product/searich-omega-3-4500-mg-1500-mg-epa-750-mg-dha-vitamin-d3-1000-iu-200-ml-40-dozi
438,3101,7134,3576 NF,"Natural Factors, RX OMEGA-3 WOMAN’S COMPLETE 1035 mg Woman's Complete RxOmega-3 Factors, Омега-3 фактор за жени, 1035 мг",Natural Factors,17676,title,HT 1055 - Product Dosage Form; LG Length - cm; LH Width - cm; LI Height - cm,,https://stoletnika.eu/product/rx-omega-3-womans-complete-omega-faktor-za-jeni-1035-mg-tsena
439,3102,7136,3584 NF,"Natural Factors, Mulberry Extract/ Бяла черница екстракт, 100 мг, 90 капсули",Natural Factors,17529,nearest: leaf/whole-herb extract group,LG Length - cm; LH Width - cm; LI Height - cm,"Closest available template category selected: Health & Household / Vitamins, Minerals & Supplements / Herbal Supplements / Nettle Herbal Supplements",https://stoletnika.eu/product/mulberry-extract-byala-chernica-ekstrakt-100-mg
440,3103,7138,3585 NF,"Natural Factors, PGX SlimStyles 5000 mg, гранули, 300 g",Natural Factors,17685,nearest: dietary-fiber/digestive nutritional product group,HT 1055 - Product Dosage Form; LG Length - cm; LH Width - cm; LI Height - cm,"Closest available template category selected: Health & Household / Vitamins, Minerals & Supplements / Digestive Supplements / Dietary Fiber Nutritional Supplements",https://stoletnika.eu/product/pgx-slimstyles-5000-mg-granuli-300-g
441,3104,7140,3590 NF,"Natural Factors, WellBetX Cinnamon Extract 150 mg/ Канела екстракт, 150 мг, 60 капсули",Natural Factors,17510,title,LG Length - cm; LH Width - cm; LI Height - cm,,https://stoletnika.eu/product/wellbetx-cinnamon-extract-150-mg-kanela-ekstrakt-150-mg-60-kapsuli
442,3105,7142,4110 NF A,"Natural Factors, Ultra- Lax/ Ултра-Лакс 336 mg, 90 таблетки",Natural Factors,17608,nearest: declared composition,LG Length - cm; LH Width - cm; LI Height - cm,"Closest available template category selected: Health & Household / Vitamins, Minerals & Supplements / Minerals / Calcium Mineral Supplements",https://stoletnika.eu/product/ultra-lax-ultra-laks-336-mg-90-tabletki
443,3106,7144,4161 NF,"Natural Factors, Черна Боровинка (36% антоцианидини) Bilberry, 90  капсули",Natural Factors,17560,title,LG Length - cm; LH Width - cm; LI Height - cm,,https://stoletnika.eu/product/cherna-borovinka-36-antocianidini-bilberry-90-kapsuli
444,3107,7146,4173 NF,"Natural Factors, Panax Ginseng 100 mg/ Корейски женшен 100 mg, 60 софтгел капсули",Natural Factors,17518,title,LG Length - cm; LH Width - cm; LI Height - cm,,https://stoletnika.eu/product/panax-ginseng-100-mg-koreyski-jenshen-100-mg-60-softgel-kapsuli
445,3108,7148,4181 NF,"Natural Factors, Milk Thistle/ Бял трън 250 mg, 90 капсули",Natural Factors,17526,title,LG Length - cm; LH Width - cm; LI Height - cm,,https://stoletnika.eu/product/milk-thistle-byal-tran-250-mg-90-kapsuli
446,3109,7150,4186 NF,"Natural Factors, Prost Care/ Прост Кеър, грижа за простатата, 360 мг, 90 софтгел капсули",Natural Factors,17534,nearest: declared composition,LG Length - cm; LH Width - cm; LI Height - cm,"Closest available template category selected: Health & Household / Vitamins, Minerals & Supplements / Herbal Supplements / Saw Palmetto Herbal Supplements",https://stoletnika.eu/product/prost-care-prost-kear-grija-za-prostatata-360-mg-90-softgel-kapsuli
447,3110,7152,4210 NF,"Natural Factors, Cayenne 42 000 SHU/ Лют червен пипер, 470 мг, 90 капсули",Natural Factors,17508,title,LG Length - cm; LH Width - cm; LI Height - cm,Unsupported barcode format: 68958042107,https://stoletnika.eu/product/cayenne-42-000-shu-lyut-cherven-piper-470-mg-90-kapsuli
448,3111,7154,4253 NF,"Natural Factors, Saw Palmetto/ Сао Палмето с ликопен, 500 mg, 90 капсули",Natural Factors,17534,title,LG Length - cm; LH Width - cm; LI Height - cm,,https://stoletnika.eu/product/saw-palmetto-sao-palmeto-s-likopen-500-mg-90-kapsuli
449,3114,7160,4501 NF,"Natural Factors, Dandelin Root/ Глухарче (Корен) 425 mg, 90 V-капсули",Natural Factors,17505,nearest: plant-root/leaf herbal extract group,LG Length - cm; LH Width - cm; LI Height - cm,"Closest available template category selected: Health & Household / Vitamins, Minerals & Supplements / Herbal Supplements / Artichoke Herbal Supplements",https://stoletnika.eu/product/dandelin-root-gluharche-koren-425-mg-90-v-kapsuli
450,3115,7162,4506 NF,"Natural Factors, Chewable Ginger 500 mg/ Джинджифил, дъвчащи таблетки, 500 мг, 90 дъвчащи таблетки",Natural Factors,17516,title,LG Length - cm; LH Width - cm; LI Height - cm,,https://stoletnika.eu/product/chewable-ginger-500-mg-djindjifil-davchashti-tabletki-500-mg-90-davchashti-tabletki
451,3116,7164,4508 NF,"Natural Factors, DGL Deglycyrrhizinated Licorice Root  400 mg/ DGL, 90 дъвчащи таблетки",Natural Factors,17524,title,LG Length - cm; LH Width - cm; LI Height - cm,,https://stoletnika.eu/product/dgl-deglycyrrhizinated-licorice-root-400-mg-dgl-90-davchashti-tabletki-tsena
452,3117,7166,4512 NF,"Natural Factors, CranRich Cranberry Concentrate/ КранРич- Червена боровинка 500 mg x 90 капсули",Natural Factors,17560,nearest: fruit/berry extract group,LG Length - cm; LH Width - cm; LI Height - cm,"Closest available template category selected: Health & Household / Vitamins, Minerals & Supplements / Herbal Supplements / Fruit Extracts / Bilberry Herbal Supplements",https://stoletnika.eu/product/cranrich-cranberry-concentrate-kranrich-chervena-borovinka-500-mg-x-90-kapsuli-tsena
453,3118,7168,4515 NF,"Natural Factors, Celery Seed Extract, 75 mg/ Целина семе, екстракт, 60 вегетариански капсули",Natural Factors,17529,nearest: leaf/whole-herb extract group,LG Length - cm; LH Width - cm; LI Height - cm,"Closest available template category selected: Health & Household / Vitamins, Minerals & Supplements / Herbal Supplements / Nettle Herbal Supplements",https://stoletnika.eu/product/celery-seed-extract-75-mg-celina-seme-ekstrakt-60-vegetarianski-kapsuli-tsena
454,3119,7170,4517 NF,"Natural Factors, BlueRich Super Strenght Blueberry Concentrate/ Синя Боровинка Супер Концентрация BlueRich 500 mg, 180 софтгел  капсули",Natural Factors,17560,nearest: fruit/berry extract group,LG Length - cm; LH Width - cm; LI Height - cm,"Closest available template category selected: Health & Household / Vitamins, Minerals & Supplements / Herbal Supplements / Fruit Extracts / Bilberry Herbal Supplements",https://stoletnika.eu/product/bluerich-super-strenght-blueberry-concentrate-sinya-borovinka-super-koncentraciya-bluerich-500-mg-180-softgel-kapsuli-tsena
455,3120,7172,4526 NF,"Natural Factors, Super Strength Apple Pectin Concentrate 500 mg/ Ябълков пектин Супер концентрат, 90 вегетариански капсули",Natural Factors,17685,title,LG Length - cm; LH Width - cm; LI Height - cm,,https://stoletnika.eu/product/super-strength-apple-pectin-concentrate-500-mg-yabalkov-pektin-super-koncentrat-90-vegetarianski-kapsuli-tsena
456,3121,7174,4527 NF,"Natural Factors, Resveratrol Concentrate Super Strength/ Ресвератрол Супер КонцентратТ 250 mg, 60-V капсули",Natural Factors,17626,title,LG Length - cm; LH Width - cm; LI Height - cm,,https://stoletnika.eu/product/resveratrol-concentrate-super-strength-resveratrol-super-koncentratt-250-mg-60-v-kapsuli
457,3122,7176,4528 NF,"Natural Factors, Ginger Root 1200 mg/ Джинджифил, екстракт, 1200 мг, 90 V капсули",Natural Factors,17516,title,LG Length - cm; LH Width - cm; LI Height - cm,,https://stoletnika.eu/product/ginger-root-1200-mg-djindjifil-ekstrakt-1200-mg-90-v-kapsuli
458,3123,7178,4531 NF,"Natural Factors, Siberian Ginseng, 250 mg/ Сибирски женшен, екстракт , 90 капсули",Natural Factors,17518,title,LG Length - cm; LH Width - cm; LI Height - cm,,https://stoletnika.eu/product/siberian-ginseng-250-mg-sibirski-jenshen-ekstrakt-90-kapsuli-tsena
459,3124,7180,4533 NF,"Natural Factors, Ginkgo biloba/ Гинко Билоба 60 mg х 120 капсули",Natural Factors,17517,title,LG Length - cm; LH Width - cm; LI Height - cm,,https://stoletnika.eu/product/ginkgo-biloba-ginko-biloba-60-mg-h-120-kapsuli-tsena
460,3125,7182,4537 NF,"Natural Factors, Maca Concentrate/ Мака Концентрат 500 mg x 90 капсули",Natural Factors,17518,nearest: plant-root extract group,LG Length - cm; LH Width - cm; LI Height - cm,"Closest available template category selected: Health & Household / Vitamins, Minerals & Supplements / Herbal Supplements / Ginseng Herbal Supplements",https://stoletnika.eu/product/maca-concentrate-maka-koncentrat-500-mg-x-90-kapsuli-tsena
461,3126,7184,4538 NF,"Natural Factors, CurcuminRich Theracurmin/ Теракурмин 30 mg x 60 V капсули",Natural Factors,17551,title,LG Length - cm; LH Width - cm; LI Height - cm,,https://stoletnika.eu/product/curcuminrich-theracurmin-terakurmin-30-mg-x-60-v-kapsuli-tsena
462,3127,7186,4543 NF,"Natural Factors, Double Strenght CurcuminRich Theracurmin, 60 mg/ Теракумин 60 mg, 30 V капсули",Natural Factors,17551,title,LG Length - cm; LH Width - cm; LI Height - cm,,https://stoletnika.eu/product/double-strenght-curcuminrich-theracurmin-60-mg-terakumin-60-mg-30-v-kapsuli-tsena
463,3128,7188,4549 NF,"Natural Factors, Muscle Recovery & Growth Optimizer 5030 mg,156 g пудра",Natural Factors,17622,nearest: protein/amino-acid nutritional supplement group,HT 1055 - Product Dosage Form; LG Length - cm; LH Width - cm; LI Height - cm,"Closest available template category selected: Health & Household / Vitamins, Minerals & Supplements / Collagen Supplements",https://stoletnika.eu/product/muscle-recovery-growth-optimizer-5030-mg156-g-pudra
464,3129,7190,4552 NF,"Natural Factors, Saw Palmetto with Lycopene/ Сао Палметто + Ликопен 442 mg, 90 софтгел капсули",Natural Factors,17534,title,LG Length - cm; LH Width - cm; LI Height - cm,,https://stoletnika.eu/product/saw-palmetto-with-lycopene-sao-palmetto-likopen-442-mg-90-softgel-kapsuli-tsena
465,3130,7192,4553 NF,"Natural Factors, MEMORY OPTIMIZER (ПАМЕТ И ФОКУС) 388 mg, 60 V капсули",Natural Factors,17520,nearest: declared composition,LG Length - cm; LH Width - cm; LI Height - cm,"Closest available template category selected: Health & Household / Vitamins, Minerals & Supplements / Herbal Supplements / Green Tea Herbal Supplements",https://stoletnika.eu/product/memory-optimizer-pamet-i-fokus-388-mg-60-v-kapsuli-tsena
466,3131,7194,4554 NF,"Natural Factors, Joint Optimizer 555 mg, 60 V-капсули",Natural Factors,17633,nearest: botanical bark-extract group,LG Length - cm; LH Width - cm; LI Height - cm,"Closest available template category selected: Health & Household / Vitamins, Minerals & Supplements / Antioxidants / French Maritime Pine Bark Extract Supplements",https://stoletnika.eu/product/joint-optimizer-555-mg-60-v-kapsuli
467,3132,7196,4570 NF,"Natural Factors, Olive Leaf/Маслина Лист 500 mg, 90 капсули",Natural Factors,17531,title,LG Length - cm; LH Width - cm; LI Height - cm,,https://stoletnika.eu/product/olive-leafmaslina-list-500-mg-90-kapsuli-tsena
468,3133,7198,4571 NF,"Natural Factors, Organic Oil of Oregano/ Риган Масло Органик 30 mg,/187 дози",Natural Factors,17532,title,LG Length - cm; LH Width - cm; LI Height - cm,,https://stoletnika.eu/product/organic-oil-of-oregano-rigan-maslo-organik-30-mg187-dozi-tsena
469,3134,7200,4572 NF,"Natural Factors, Organic Oil of Oregano/ Риган, органично масло, 30 мг 60 ml/375 дози",Natural Factors,17532,title,LG Length - cm; LH Width - cm; LI Height - cm,,https://stoletnika.eu/product/organic-oil-of-oregano-rigan-organichno-maslo-30-mg-60-ml375-dozi-tsena
470,3135,7202,4573 NF,"Natural Factors, Organic Oil of Oregano/ Риган Масло Органик 180 mg, 30 капсули",Natural Factors,17532,title,LG Length - cm; LH Width - cm; LI Height - cm,,https://stoletnika.eu/product/organic-oil-of-oregano-rigan-maslo-organik-180-mg-30-softgel-kapsuli-tsena
471,3136,7204,4574 NF,"Natural Factors, Organic Oil of Oregano/ Риган Масло Органик 180 mg, 60 софтгел капсули",Natural Factors,17532,title,LG Length - cm; LH Width - cm; LI Height - cm,,https://stoletnika.eu/product/organic-oil-of-oregano-rigan-maslo-organik-180-mg-60-softgel-kapsuli-tsena
472,3137,7206,4590 NF,"Natural Factors, Horse Chestnut & Grape Seed/ Див кестен и гроздово семе, екстракт, 350 мг, 60 капсули",Natural Factors,17635,title,LG Length - cm; LH Width - cm; LI Height - cm,,https://stoletnika.eu/product/horse-chestnut-grape-seed-div-kesten-i-grozdovo-seme-ekstrakt-350-mg-60-kapsuli-tsena
473,3138,7208,4630 NF,"Natural Factors, Diuretuc Formula/ Диуретик формула, 300 мг, 90 капсули",Natural Factors,17505,nearest: plant-root/leaf herbal extract group,LG Length - cm; LH Width - cm; LI Height - cm,"Closest available template category selected: Health & Household / Vitamins, Minerals & Supplements / Herbal Supplements / Artichoke Herbal Supplements",https://stoletnika.eu/product/diuretuc-formula-diuretik-formula-300-mg-90-kapsuli-tsena
474,3139,7210,4635 NF,"Natural Factors, Eye Factors Formula/ Факторс формула за очи, 260 мг, 90 капсули",Natural Factors,17560,nearest: declared composition,LG Length - cm; LH Width - cm; LI Height - cm,"Closest available template category selected: Health & Household / Vitamins, Minerals & Supplements / Herbal Supplements / Fruit Extracts / Bilberry Herbal Supplements",https://stoletnika.eu/product/eye-factors-formula-faktors-formula-za-ochi-260-mg-90-kapsuli
475,3140,7212,4645 NF,"Natural Factors, LG Cleanse Formula/ Черен дроб и Жлъчка Детокс Формула, 325 mg, 90 капсули",Natural Factors,17526,nearest: declared composition,LG Length - cm; LH Width - cm; LI Height - cm,"Closest available template category selected: Health & Household / Vitamins, Minerals & Supplements / Herbal Supplements / Milk Thistle Herbal Supplements",https://stoletnika.eu/product/lg-cleanse-formula-cheren-drob-i-jlachka-detoks-formula-325-mg-90-kapsuli
476,3141,7214,4655 NF,"Natural Factors, Sleep Relax Formula/ Формула за Спокоен Сън, 325 мг, 90 капсули",Natural Factors,17718,nearest: herbal/nutritional relaxation product group,LG Length - cm; LH Width - cm; LI Height - cm,"Closest available template category selected: Health & Household / Vitamins, Minerals & Supplements / Herbal & Nutritional Sleep Supplements",https://stoletnika.eu/product/sleep-relax-formula-formula-za-spokoen-san-325-mg-90-kapsuli-tsena
477,3143,7218,47030 NF,"Natural Factors, Quick-Blast/ Куик бласт, 85 мг, 30 капсули за дъвчене с течност",Natural Factors,17512,nearest: declared composition,LG Length - cm; LH Width - cm; LI Height - cm,"Closest available template category selected: Health & Household / Vitamins, Minerals & Supplements / Herbal Supplements / Echinacea Herbal Supplements; Multiple composition sections in source: verify against the label",https://stoletnika.eu/product/quick-blast-kuik-blast-85-mg-30-kapsuli-za-davchene-s-technost
478,3144,7220,4706 NF,"Natural Factors, Black Elderberry Standardized Extract/ Черен Бъз, Стандартизиран Екстракт, 100 mg, 60 бързоусвоими софтгел капсули",Natural Factors,17715,nearest: declared composition,LG Length - cm; LH Width - cm; LI Height - cm,"Closest available template category selected: Health & Household / Vitamins, Minerals & Supplements / Lipid / Lecithin Nutritional Supplements",https://stoletnika.eu/product/black-elderberry-standardized-extract-cheren-baz-standartiziran-ekstrakt-100-mg-60-barzousvoimi-softgel-kapsuli
479,3145,7222,4728 NF,"Natural Factors, Ехинацея Echinamide /Билкова тинктура с натурален плодов аромат/, 50 мл",Natural Factors,17512,title,LG Length - cm; LH Width - cm; LI Height - cm,,https://stoletnika.eu/product/ehinaceya-echinamide-bilkova-tinktura-s-naturalen-plodov-aromat-50-ml-tsena
480,3146,7224,4750 NF,"Natural Factors, Anti-Viral Potent Fresh Herbal Tincture/ Анти-вирал, 50 мл билкова тинктура",Natural Factors,17512,nearest: declared composition,LG Length - cm; LH Width - cm; LI Height - cm,"Closest available template category selected: Health & Household / Vitamins, Minerals & Supplements / Herbal Supplements / Echinacea Herbal Supplements",https://stoletnika.eu/product/anti-viral-potent-fresh-herbal-tincture-anti-viral-50-ml-bilkova-tinktura-tsena
481,3147,7226,4760 NF,"Natural Factors, Ehinamide Cold & Cough Syrup/ Еhinamid Сirop, 3451 mg, 150 ml",Natural Factors,17512,nearest: declared composition,LG Length - cm; LH Width - cm; LI Height - cm,"Closest available template category selected: Health & Household / Vitamins, Minerals & Supplements / Herbal Supplements / Echinacea Herbal Supplements",https://stoletnika.eu/product/ehinamide-cold-cough-syrup-ehinamid-sirop-3451-mg-150-ml-tsena
482,3148,7228,4800 NF,"Natural Factors, Milk Thistle Phytosome/ Бял Трън Фитозоми, 90 капсули",Natural Factors,17526,title,LG Length - cm; LH Width - cm; LI Height - cm,,https://stoletnika.eu/product/milk-thistle-phytosome-byal-tran-fitozomi-90-kapsuli
483,3149,7230,4804 NF A,"Natural Factors, Black Pepper Extract/ Куркума 300 mg + Черен Пипер, 30 V капсули",Natural Factors,17539,title,LG Length - cm; LH Width - cm; LI Height - cm,,https://stoletnika.eu/product/turmeric-with-black-pepper-extract-kurkuma-300-mg-cheren-piper-30-v-kapsuli-tsena
484,3150,7232,4820 NF,"Natural Factors, St. John’s  Wort / Жълт кантарион, 300 мг, 90 капсули",Natural Factors,17536,title,LG Length - cm; LH Width - cm; LI Height - cm,,https://stoletnika.eu/product/st-johns-wort-jalt-kantarion-300-mg-90-kapsuli-tsena
485,3152,7236,4832 NF,"Natural Factors, Rhodiola Rosea 150 mg/ Златен корен, екстракт, 150 мг, 60 капсули",Natural Factors,17518,nearest: plant-root extract group,LG Length - cm; LH Width - cm; LI Height - cm,"Closest available template category selected: Health & Household / Vitamins, Minerals & Supplements / Herbal Supplements / Ginseng Herbal Supplements",https://stoletnika.eu/product/rhodiola-rosea-150-mg-zlaten-koren-ekstrakt-150-mg-60-kapsuli-tsena
486,3158,7249,4990 NF A,"Natural Factors, Ultimate Heart Health/ Хранителна добавка, 90 V капсули",Natural Factors,17585,nearest: declared composition,LG Length - cm; LH Width - cm; LI Height - cm,"Closest available template category selected: Health & Household / Vitamins, Minerals & Supplements / Herbal Supplements / Boswellia Serrata",https://stoletnika.eu/product/ultimate-heart-health-hranitelna-dobavka-90-v-kapsuli
487,3159,7251,4992 NF,"Natural Factors, Reliefibre 5000 mg/ Хранителна добавка, 268 g, 40 дози",Natural Factors,17685,nearest: dietary-fiber/digestive nutritional product group,HT 1055 - Product Dosage Form; LG Length - cm; LH Width - cm; LI Height - cm,"Closest available template category selected: Health & Household / Vitamins, Minerals & Supplements / Digestive Supplements / Dietary Fiber Nutritional Supplements",https://stoletnika.eu/product/reliefibre-5000-mg-hranitelna-dobavka-268-g-40-dozi
488,3160,7253,8132 NF,"Natural Factors, Vitamin C 1000 mg Time Release/ Витамин С 1000 mg и Биофлавони, 210 таблетки",Natural Factors,17707,title,LG Length - cm; LH Width - cm; LI Height - cm,,https://stoletnika.eu/product/vitamin-c-1000-mg-time-release-vitamin-s-1000-mg-i-bioflavoni-210-tabletki
489,3161,7255,8204 NF,"Natural Factors, Tonalin CLA/ Тоналин Кла 1000 mg, 120 софтгел капсули",Natural Factors,17668,title,LG Length - cm; LH Width - cm; LI Height - cm,,https://stoletnika.eu/product/tonalin-cla-tonalin-kla-1000-mg-120-softgel-kapsuli-tsena
490,3162,7257,8700 NF,"Natural Factors, Vitamin B12 Methylcobalamin/ Витамин В12 Метилкобаламин, 180 сублингвални таблетки + 30 бонус",Natural Factors,17703,title,LG Length - cm; LH Width - cm; LI Height - cm,,https://stoletnika.eu/product/vitamin-b12-methylcobalamin-vitamin-v12-metilkobalamin-180-sublingvalni-tabletki-30-bonus-tsena
491,3163,7259,8820 NF SP.R,"Natural Factors, O.F.Wild Salmon Oil/ Дива Сьомга Масло 1000 mg, 90 софтгел капсули",Natural Factors,17669,nearest: fish-oil supplement group,LG Length - cm; LH Width - cm; LI Height - cm,"Closest available template category selected: Health & Household / Vitamins, Minerals & Supplements / Essential Fatty Acids / Fish Oil Nutritional Supplements",https://stoletnika.eu/product/ofwild-salmon-oil-diva-syomga-maslo-1000-mg-90-softgel-kapsuli-tsena
492,3167,7267,9221 BCN,"7-Day ReduceXS Total Body Cleansin Program/ 7-Дневна Детокс Програма,",Natural Factors,17689,nearest: declared composition,HT 1055 - Product Dosage Form; LG Length - cm; LH Width - cm; LI Height - cm,"Closest available template category selected: Health & Household / Vitamins, Minerals & Supplements / Digestive Supplements / Probiotics / Acidophilus Nutritional Supplements; Multiple composition sections in source: verify against the label",https://stoletnika.eu/product/7-day-reducexs-total-body-cleansin-program-7-dnevna-detoks-programa
493,3169,7271,9232 BCN,"BioClear пълна детоксикираща програма, 1 кг",Natural Factors,17694,nearest: declared composition,HT 1055 - Product Dosage Form; LG Length - cm; LH Width - cm; LI Height - cm,"Closest available template category selected: Health & Household / Vitamins, Minerals & Supplements / Vitamins / Vitamin A Supplements; Multiple composition sections in source: verify against the label",https://stoletnika.eu/product/bioclear-hranitelna-dobavka-pudra1-kg17-dozi
494,3170,7273,9234 BCN,"ElementAll Biological Diet/ Хранителна добавка, 1322 g пудра с вкус на лимонада",Natural Factors,17685,nearest: declared composition,HT 1055 - Product Dosage Form; LG Length - cm; LH Width - cm; LI Height - cm,"Closest available template category selected: Health & Household / Vitamins, Minerals & Supplements / Digestive Supplements / Dietary Fiber Nutritional Supplements",https://stoletnika.eu/product/elementall-biological-diet-hranitelna-dobavka-1322-g-pudra-s-vkus-na-limonada
495,3171,7275,9236 BCN,"ElementAll Biological Diet/Хранителна добавка, 1404 g пудра с вкус на шоколад",Natural Factors,17685,nearest: declared composition,HT 1055 - Product Dosage Form; LG Length - cm; LH Width - cm; LI Height - cm,"Closest available template category selected: Health & Household / Vitamins, Minerals & Supplements / Digestive Supplements / Dietary Fiber Nutritional Supplements",https://stoletnika.eu/product/elementall-biological-diethranitelna-dobavka-1404-g-pudra-s-vkus-na-shokolad
496,3172,7277,9272 BCN,"Mitochondrial Fromula/ Митохондриална Формула, 72 g пудра",Natural Factors,17643,nearest: antioxidant/nutritional combination group,HT 1055 - Product Dosage Form; LG Length - cm; LH Width - cm; LI Height - cm,"Closest available template category selected: Health & Household / Vitamins, Minerals & Supplements / Antioxidants / Antioxidant Combination Nutritional Supplements",https://stoletnika.eu/product/mitochondrial-fromula-mitohondrialna-formula-72-g-pudra
497,3173,7279,9280 BCN,"Sereni-Pro Adrenal Support, 312 mg/ Хранителна добавка, 90 V капсули",Natural Factors,17718,nearest: herbal/nutritional relaxation product group,LG Length - cm; LH Width - cm; LI Height - cm,"Closest available template category selected: Health & Household / Vitamins, Minerals & Supplements / Herbal & Nutritional Sleep Supplements",https://stoletnika.eu/product/sereni-pro-adrenal-support-312-mg-hranitelna-dobavka-90-v-kapsuli
498,3174,7281,9486 BCN,"Magnesium CitraMal/ Магнезиев цитрат, 150 мг, 90 V капсули",Natural Factors,17613,title,LG Length - cm; LH Width - cm; LI Height - cm,,https://stoletnika.eu/product/magnesium-citramal-magneziev-citrat-150-mg
499,3175,7283,9671 BCN,"ThyroVantage, Тироидна подкрепа, 436 mg, 90 вегетариански капсули",Natural Factors,17622,nearest: protein/amino-acid nutritional supplement group,LG Length - cm; LH Width - cm; LI Height - cm; LY Country/Region of Origin,"Closest available template category selected: Health & Household / Vitamins, Minerals & Supplements / Collagen Supplements",https://stoletnika.eu/product/thyrovantage-tiroidna-podkrepa-436-mg-90-vegetarianski-kapsuli
500,3177,7287,9676 BCN,"PCOS Care Polycystic ovarian syndrome/ Грижа При Поликистозен Овариален Синдром, 129 g пудра",Natural Factors,17706,nearest: declared composition,HT 1055 - Product Dosage Form; LG Length - cm; LH Width - cm; LI Height - cm,"Closest available template category selected: Health & Household / Vitamins, Minerals & Supplements / Vitamins / Vitamin B / Vitamin B8 (Inositol) Supplements",https://stoletnika.eu/product/pcos-care-polycystic-ovarian-syndrome-grija-pri-polikistozen-ovarialen-sindrom-129-g-pudra-tsena
501,3178,7289,9810 BCN,"Opti Ova Female Wellness Kit/ Опти Ова (Фертилитет Формула за Жени), 60 пакетчета",Natural Factors,17709,nearest: declared composition,HT 1055 - Product Dosage Form; LG Length - cm; LH Width - cm; LI Height - cm,"Closest available template category selected: Health & Household / Vitamins, Minerals & Supplements / Vitamins / Vitamin E Supplements",https://stoletnika.eu/product/opti-ova-female-wellness-kit-opti-ova-fertilitet-formula-za-jeni-60-paketcheta
502,3179,7291,9811 BCN,"Mito Motile/ Фертилитет Формула за Мъже, 60 пакетчета",Natural Factors,17709,nearest: declared composition,HT 1055 - Product Dosage Form; LG Length - cm; LH Width - cm; LI Height - cm; LY Country/Region of Origin,"Closest available template category selected: Health & Household / Vitamins, Minerals & Supplements / Vitamins / Vitamin E Supplements",https://stoletnika.eu/product/mito-motile-fertilitet-formula-za-maje-60-paketcheta
503,3186,7305,3076 WN,"Vitamin B12 Methylcobalamin/ Витамин В12 Метилкобаламин 250 µg, Webber Naturals, 200 сублингвални таблетки",Webber Naturals,17703,title,LG Length - cm; LH Width - cm; LI Height - cm,,https://stoletnika.eu/product/vitamin-b12-methylcobalamin-vitamin-v12-metilkobalamin-250-ug-200-sublingvalni-tabletki-tsena
504,3187,7307,3084 WN,"Turmeric Curcumin Gummies/ Куркума Турмерик Куркумин Гъми, Webber Naturals, 120 желирани таблетки",Webber Naturals,17551,title,LG Length - cm; LH Width - cm; LI Height - cm,,https://stoletnika.eu/product/turmeric-curcumin-gummies-kurkuma-turmerik-kurkumin-gami-120-jelirani-tabletki-s-vkus-na-portokal-tsena
505,3188,7309,3086 WN,"Apple Cider Vinegar Gummies/ Ябълков Оцет Гъми, Webber Naturals, 90 желирани таблетки",Webber Naturals,17685,nearest: dietary-fiber/digestive nutritional product group,LG Length - cm; LH Width - cm; LI Height - cm,"Closest available template category selected: Health & Household / Vitamins, Minerals & Supplements / Digestive Supplements / Dietary Fiber Nutritional Supplements",https://stoletnika.eu/product/apple-cider-vinegar-gummies-yabalkov-ocet-gami-90-jelirani-tabletki
506,3189,7311,3130 WN,"Magnesium Citrate High Absorption/ Магнезий Цитрат 150 mg, Webber Naturals, 60 капсули",Webber Naturals,17613,title,LG Length - cm; LH Width - cm; LI Height - cm,,https://stoletnika.eu/product/magnesium-citrate-high-absorption-magneziy-citrat-150-mg-60-kapsuli-tsena
507,3192,7317,3141 WN,"Multi Vitamin with Minerals/ Мултивитамини + Минерали, Webber Naturals, 100 таблетки",Webber Naturals,17711,title,LG Length - cm; LH Width - cm; LI Height - cm,,https://stoletnika.eu/product/multi-vitamin-with-minerals-multivitamini-minerali-100-tabletki
508,3193,7319,3143 WN,"Calcium Vitamin D3 1000 mg/400 IU/ Течен Калций 1000 mg + Витамин D3 400 IU, Webber Naturals, 500 ml",Webber Naturals,17608,title,LG Length - cm; LH Width - cm; LI Height - cm,,https://stoletnika.eu/product/calcium-vitamin-d3-1000-mg400-iu-techen-kalciy-1000-mg-vitamin-d3-400-iu-500-ml
509,3194,7321,3145 WN,"Multi Vitamin/ Мултивитамини, Webber Naturals,  100 таблетки",Webber Naturals,17711,title,LG Length - cm; LH Width - cm; LI Height - cm,,https://stoletnika.eu/product/multi-vitamin-multivitamini-100-tabletki-tsena
510,3196,7323,3661 WN,"Advanced Collagen + Hyaluronic Acid and Boron  Колаген+ Хиалуронова киселина и Бор, Webber Naturals, 40 мини каплети",Webber Naturals,17622,title,HT 1055 - Product Dosage Form; LG Length - cm; LH Width - cm; LI Height - cm,,https://stoletnika.eu/product/advanced-collagen-hyaluronic-acid-and-boron-kolagen-hialuronova-kiselina-i-bor-40-mini-kapleti-1
511,3198,7327,3201 WN,"DIGESTIVE ENZYMES (ХРАНОСМИЛАТЕЛНИ ЕНЗИМИ) 182 mg, Webber Naturals, 90 таблетки",Webber Naturals,17595,title,LG Length - cm; LH Width - cm; LI Height - cm,,https://stoletnika.eu/product/digestive-enzymes-hranosmilatelni-enzimi-182-mg-90-tabletki
512,3199,7329,3452 WN,"Liver Health / Хранителна добавка, Webber Naturals, 65 капсули",Webber Naturals,17526,nearest: declared composition,LG Length - cm; LH Width - cm; LI Height - cm,"Closest available template category selected: Health & Household / Vitamins, Minerals & Supplements / Herbal Supplements / Milk Thistle Herbal Supplements",https://stoletnika.eu/product/liver-health-hranitelna-dobavka-65-kapsuli-tsena
513,3200,7331,5159 WN,"Lower Cholesterol ОМЕГА-3 + КОЕНЗИМ Q10 (С РАСТЕЛНИ СТЕРОЛИ), Webber Naturals, 200 софтгел капсули",Webber Naturals,17595,title,LG Length - cm; LH Width - cm; LI Height - cm,,https://stoletnika.eu/product/lower-cholesterol-omega-3-koenzim-q10-s-rastelni-steroli-200-softgel-kapsuli
514,3208,7348,3851 WN ST,"Multi Sure™  МУЛТИВИТАМИНИ ЗА МЪЖЕ 50+ (С ЛУТЕИН, ЛИКОПЕН И САО ПАЛМЕТТО), Webber Naturals, 80 капсули",Webber Naturals,17711,title,LG Length - cm; LH Width - cm; LI Height - cm,,https://stoletnika.eu/product/multi-sure-multivitamini-za-maje-50-s-lutein-likopen-i-sao-palmetto-80-kapsuli
515,3212,7356,3213 WN,"Women’s Health/ Пробиотик за Жени 5 млрд. активни пробиотици + 200 mg червена боровинка, Webber Naturals, 45 V капсули",Webber Naturals,17689,title,LG Length - cm; LH Width - cm; LI Height - cm,,https://stoletnika.eu/product/womens-health-probiotik-za-jeni-5-mlrd-aktivni-probiotici-200-mg-chervena-borovinka
516,3213,7358,5264 WN,"Ashwaganda/ Ашваганда, 300  mg, Webber Naturals, 120 V капсули",Webber Naturals,17567,title,LG Length - cm; LH Width - cm; LI Height - cm,,https://stoletnika.eu/product/ashwaganda-ashvaganda-300-mg-120-v-kapsuli
517,3214,7360,3293 WN,"Biotin Extra Strength/ Биотин, Webber Naturals, 45 V капсули",Webber Naturals,17704,title,LG Length - cm; LH Width - cm; LI Height - cm,,https://stoletnika.eu/product/biotin-extra-strength-biotin-45-v-kapsuli
518,3216,7364,3291 WN,"Biotin/ Биотин,Webber Naturals,  90 V капсули",Webber Naturals,17704,title,LG Length - cm; LH Width - cm; LI Height - cm,,https://stoletnika.eu/product/biotin-biotin-90-v-kapsuli
519,3217,7366,3292 WN,"Biotin/ Биотин, Webber Naturals, 60 V капсули",Webber Naturals,17704,title,LG Length - cm; LH Width - cm; LI Height - cm,,https://stoletnika.eu/product/biotin-biotin-60-v-kapsuli
520,3218,7368,3680 WN,"Biotin C Gummies/ Биотин Гъми 2500 mcg, Webber Naturals, 60 таблетки",Webber Naturals,17704,title,LG Length - cm; LH Width - cm; LI Height - cm,,https://stoletnika.eu/product/biotin-c-gummies-biotin-gami-2500-mcg-60-jelirani-tabletki-tsena
521,3219,7370,5011 WN,"Ultra Prim Evening Primrose Oil/ Вечерна Иглика Масло 500 mg, Webber Naturals, 180 софтгел капсули",Webber Naturals,17513,title,LG Length - cm; LH Width - cm; LI Height - cm,,https://stoletnika.eu/product/ultra-prim-evening-primrose-oil-vecherna-iglika-maslo-500-mg-180-softgel-kapsuli-tsena
522,3220,7372,3350 WN,"Vitamin D3 Liquid/ ВитаминD3 Tечен 1000 IU, Webber Naturals, 25 ml, 100 дози",Webber Naturals,17708,title,LG Length - cm; LH Width - cm; LI Height - cm,,https://stoletnika.eu/product/vitamin-d3-liquid-vitamind3-techen-1000-iu-25-ml-100-dozi
523,3221,7374,3540 WN,"Vitamin D3/ Витамин D3 1000 IU, Webber Naturals, 180 дъвчащи таблетки",Webber Naturals,17708,title,LG Length - cm; LH Width - cm; LI Height - cm,,https://stoletnika.eu/product/vitamin-d3-vitamin-d3-1000-iu-180-davchashti-tabletki-s-vkus-na-portokal
524,3222,7376,3805 WN,"Vitamin D3/ Витамин D3 400 IU,  Webber Naturals, 270  таблетки",Webber Naturals,17708,title,LG Length - cm; LH Width - cm; LI Height - cm,,https://stoletnika.eu/product/vitamin-d3-vitamin-d3-400-iu-270-tabletki
525,3223,7378,3679 WN,"Vitamin D3 Gummies/ Витамин D3 Гъми 1000 IU, Webber Naturals, 90  желирани таблетки",Webber Naturals,17708,title,LG Length - cm; LH Width - cm; LI Height - cm,,https://stoletnika.eu/product/vitamin-d3-gummies-vitamin-d3-gami-1000-iu-90-jelirani-tabletki
526,3227,7386,3170 WN,"B12 Methylcobalamin/ Витамин В12, 500 mcg, Webber Naturals, 120 таблетки",Webber Naturals,17703,title,LG Length - cm; LH Width - cm; LI Height - cm,,https://stoletnika.eu/product/b12-methylcobalamin-vitamin-v12-500-mcg-120-sublingvalni-tabletki
527,3228,7388,3685 WN,"Vitamin B12 Gummies/ Витамин В12 Гъми 1000 µg, Webber Naturals,  60 желирани таблетки",Webber Naturals,17703,title,LG Length - cm; LH Width - cm; LI Height - cm,,https://stoletnika.eu/product/vitamin-b12-gummies-vitamin-v12-gami-1000-ug-60-jelirani-tabletki
528,3232,7396,3275 WN,"Vitamin C Calcium Ascorbate/  Витамин С Калциев Аскорбат 1000 mg, Webber Naturals, 120 капсули",Webber Naturals,17608,title,LG Length - cm; LH Width - cm; LI Height - cm,,https://stoletnika.eu/product/vitamin-c-calcium-ascorbate-vitamin-s-kalciev-askorbat-1000-mg-120-kapsuli
529,3233,7398,3907 WN,"Vitamin C Timed Release 1000 mg/ Витамин С (с удължено освобождаване) Webber Naturals, 150 таблетки",Webber Naturals,17707,title,LG Length - cm; LH Width - cm; LI Height - cm,,https://stoletnika.eu/product/vitamin-c-timed-release-1000-mg-vitamin-s-s-udaljeno-osvobojdavane-150-tabletki-tsena
530,3234,7400,3276 WN,"Vitamin C 500 mg Chewable/ Витамин C 500 mg, Webber Naturals, 300 дъвчащи таблетки",Webber Naturals,17707,title,LG Length - cm; LH Width - cm; LI Height - cm,,https://stoletnika.eu/product/vitamin-c-500-mg-chewable-vitamin-c-500-mg-300-davchashti-tabletki-tsena
531,3235,7402,3688 WN,"Vitamin C Gummies/ Витамин с  Гъми 125 mg, Webber Naturals, 120 желирани таблетки",Webber Naturals,17707,title,LG Length - cm; LH Width - cm; LI Height - cm,,https://stoletnika.eu/product/vitamin-c-gummies-vitamin-s-gami-125-mg-120-jelirani-tabletki
532,3236,7404,3835 WN,"Glucosamine 500 mg, Chondroitin 400 mg, MSM 400 mg/ Глюкозамин, Хондроитин и МСМ 1300 mg, Webber Naturals, 120 таблетки",Webber Naturals,17589,title,LG Length - cm; LH Width - cm; LI Height - cm,,https://stoletnika.eu/product/glucosamine-500-mg-chondroitin-400-mg-msm-400-mg-glyukozamin-hondroitin-i-msm-1300-mg-120-tabletki-tsena
533,3237,7406,3436 WN,"Grape Seed/ Гроздово семе EXTRA STRENGTH 100 mg, Webber Naturals, 90 капсули",Webber Naturals,17635,title,LG Length - cm; LH Width - cm; LI Height - cm,,https://stoletnika.eu/product/grape-seed-grozdowo-seme-extra-strength-100-mg-90-kapsuli-tsena
534,3239,7410,5072 WN,"Calcium Carbonate/ Калций (Карбонат) 500 mg, Webber Naturals, 250 таблетки",Webber Naturals,17608,title,LG Length - cm; LH Width - cm; LI Height - cm,,https://stoletnika.eu/product/calcium-carbonate-kalciy-karbonat-500-mg-250-tabletki-tsena
535,3240,7412,5016 WN,"Calcium Citrate/ Калций (Цитрат) 300 mg, Webber Naturals, 120 таблетки",Webber Naturals,17608,title,LG Length - cm; LH Width - cm; LI Height - cm,,https://stoletnika.eu/product/calcium-citrate-kalciy-citrat-300-mg-120-tabletki
536,3242,7416,3867 WN,"Calcium, Magnesium, Zinc Enhanced Absorption/ Калций, Магнезий, Цинк, 516 mg, Webber Naturals, 200 каплети",Webber Naturals,17615,title combination,HT 1055 - Product Dosage Form; LG Length - cm; LH Width - cm; LI Height - cm,,https://stoletnika.eu/product/calcium-magnesium-zinc-enhanced-absorption-kalciy-magneziy-cink-516-mg-200-kapleti
537,3245,7422,3855 WN,"Coenzyme Q10/ Коензим Q10 100 mg, Webber Naturals, 60 софтгел капсули",Webber Naturals,17595,title,LG Length - cm; LH Width - cm; LI Height - cm,,https://stoletnika.eu/product/coenzyme-q10-koenzim-q10-100-mg-60-softgel-kapsuli
538,3247,7426,3856 WN,"Coenzyme Q10/ Коензим Q10, 150 mg, Webber Naturals,  60 софтгел капсули",Webber Naturals,17595,title,LG Length - cm; LH Width - cm; LI Height - cm,,https://stoletnika.eu/product/coenzyme-q10-koenzim-q10-150-mg-60-softgel-kapsuli
539,3248,7428,3857 WN,"Coenzyme Q10/ Коензим Q10 200 mg, Webber Naturals, 60 софтгел капсули",Webber Naturals,17595,title,LG Length - cm; LH Width - cm; LI Height - cm,,https://stoletnika.eu/product/coenzyme-q10-koenzim-q10-200-mg-60-softgel-kapsuli-1
540,3249,7430,3669 WN,"Collagen 30 with Ceramides Bioactive Collagen Peptides/ Колаген 30 + Серамиди, Webber Naturals, 120 таблетки",Webber Naturals,17622,title,LG Length - cm; LH Width - cm; LI Height - cm,,https://stoletnika.eu/product/collagen-30-with-ceramides-bioactive-collagen-peptides-kolagen-30-seramidi-120-tabletki
541,3250,7432,3386 WN,"Collagen with Lysine + Vitamin C/ Колаген 500 mg (С Л-ЛИЗИН И ВИТАМИН С), Webber Naturals, 120 таблетки",Webber Naturals,17622,title,LG Length - cm; LH Width - cm; LI Height - cm,,https://stoletnika.eu/product/collagen-with-lysine-vitamin-c-kolagen-500-mg-s-l-lizin-i-vitamin-s-120-tabletki-tsena
542,3251,7434,3490 WN,"RoyalRed Omega-3 Krill Oil/ RoyalRed ОМEГА-3 КРИЛ МАСЛО 1000 mg, Webber Naturals,  30 софтгел капсули",Webber Naturals,17676,title,LG Length - cm; LH Width - cm; LI Height - cm,,https://stoletnika.eu/product/royalred-omega-3-krill-oil-royalred-omega-3-kril-maslo-1000-mg-30-softgel-kapsuli-tsena
543,3252,7436,3544 WN,"Тurmeric Curmucin/ КУРКУМА ТУРМЕРИК 600 mg, Webber Naturals,  60 V капсули",Webber Naturals,17539,title,LG Length - cm; LH Width - cm; LI Height - cm,,https://stoletnika.eu/product/turmeric-curmucin-kurkuma-turmerik-600-mg-60-v-kapsuli
544,3253,7438,3547 WN,"Тurmeric Curmucin / КУРКУМА ТУРМЕРИК ULTRA STRENGTH 32500 mg + ЧЕРЕН ПИПЕР, Webber Naturals, 30 капсули",Webber Naturals,17539,title,LG Length - cm; LH Width - cm; LI Height - cm,,https://stoletnika.eu/product/turmeric-curmucin-kurkuma-turmerik-ultra-strength-32500-mg-cheren-piper-30-v-kapsuli
545,3254,7440,3543 WN,"Тurmeric Curmucin Extra Strenght/ КУРКУМА ТУРМЕРИК 500 mg, Webber Naturals, 60 капсули",Webber Naturals,17539,title,LG Length - cm; LH Width - cm; LI Height - cm,,https://stoletnika.eu/product/turmeric-curmucin-extra-strenght-kurkuma-turmerik-super-koncentrat-500-mg-60-kapsuli
546,3255,7442,3233 WN,"L-Lysine 1000 mg/ Л-Лизин 1000 mg, Webber Naturals, 60 таблетки",Webber Naturals,17622,nearest: protein/amino-acid nutritional supplement group,LG Length - cm; LH Width - cm; LI Height - cm,"Closest available template category selected: Health & Household / Vitamins, Minerals & Supplements / Collagen Supplements",https://stoletnika.eu/product/l-lysine-1000-mg-l-lizin-1000-mg
547,3256,7444,5556 WN,"Lutein with Zeaxanthin Extra Strength/ Лутеин25 mg + Зеаксантин 5 mg, Webber Naturals, 175 софтгел капсули",Webber Naturals,17631,title,LG Length - cm; LH Width - cm; LI Height - cm,,https://stoletnika.eu/product/lutein-with-zeaxanthin-extra-strength-lutein25-mg-zeaksantin-5-mg-175-softgel-kapsuli-tsena
548,3257,7446,3255 WN,"Magnesium/ МАГНЕЗИЙ (БИСГЛИЦИНАТ) 200 mg , Webber Naturals, 60 V-капсули",Webber Naturals,17613,title,LG Length - cm; LH Width - cm; LI Height - cm,,https://stoletnika.eu/product/magnesium-magneziy-bisglicinat-200-mg-60-v-kapsuli
549,3258,7448,3693 WN,"Magnesium/ Магнезий (оксид, малат, глицерофосфат) 250 mg ,Webber Naturals,  210 каплети",Webber Naturals,17613,title,HT 1055 - Product Dosage Form; LG Length - cm; LH Width - cm; LI Height - cm,,https://stoletnika.eu/product/magnesium-magneziy-oksid-malat-glicerofosfat-250-mg-210-kapleti
550,3259,7450,3163 WN,"Magnesium 250 mg/ Магнезий 250 mg, Webber Naturals, 100 каплети",Webber Naturals,17613,title,HT 1055 - Product Dosage Form; LG Length - cm; LH Width - cm; LI Height - cm,,https://stoletnika.eu/product/magnesium-250-mg-magneziy-250-mg-100-kapleti
551,3260,7452,3162 WN,"Magnesium 500 mg/ Магнезий 500 mg, Webber Naturals, 60 таблетки",Webber Naturals,17613,title,LG Length - cm; LH Width - cm; LI Height - cm,,https://stoletnika.eu/product/magnesium-500-mg-magneziy-500-mg-s-optimalna-absorbaciya-60-tabletki-tsena
552,3261,7454,3694 WN,"Magnesium/ Магнезий (Бисглицинат) 200 mg, Webber Naturals, 120 V капсули",Webber Naturals,17613,title,LG Length - cm; LH Width - cm; LI Height - cm,,https://stoletnika.eu/product/magnesium-magneziy-bisglicinat-200-mg-120-v-kapsuli
553,3262,7456,3699 WN,"Maca Energy with Ginseng/ Мака + Корейски женшен, Webber Naturals,",Webber Naturals,17518,title,HT 1055 - Product Dosage Form; LG Length - cm; LH Width - cm; LI Height - cm,,https://stoletnika.eu/product/maca-energy-with-ginseng-maka-koreyski-jenshen
554,3263,7458,3450 WN,"Maca Energy with Ginseng/ Мака +  Корейски Женшен, Webber Naturals, 90 V капсули",Webber Naturals,17518,title,LG Length - cm; LH Width - cm; LI Height - cm,,https://stoletnika.eu/product/maca-energy-with-ginseng-maka-koreyski-jenshen-90-v-kapsuli
555,3264,7460,3468 WN,"Maca for Women/ Мака за Жени, Webber Naturals, 60 V капсули",Webber Naturals,17518,nearest: plant-root extract group,LG Length - cm; LH Width - cm; LI Height - cm,"Closest available template category selected: Health & Household / Vitamins, Minerals & Supplements / Herbal Supplements / Ginseng Herbal Supplements",https://stoletnika.eu/product/maca-for-women-maka-za-jeni-60-v-kapsuli
556,3265,7462,3467 WN,"Maca for Men/ МАка за Мъже, Webber Naturals, 60 V капсули",Webber Naturals,17518,nearest: plant-root extract group,LG Length - cm; LH Width - cm; LI Height - cm,"Closest available template category selected: Health & Household / Vitamins, Minerals & Supplements / Herbal Supplements / Ginseng Herbal Supplements",https://stoletnika.eu/product/maca-for-men-maka-za-maje-60-v-kapsuli
557,3266,7464,3603 WN,"Melatonin Maximum Strenght/ Webber Naturals, МЕЛАТОНИН 10 mg",Webber Naturals,17718,title,HT 1055 - Product Dosage Form; LG Length - cm; LH Width - cm; LI Height - cm,,https://stoletnika.eu/product/melatonin-maximum-strenght-melatonin-10-mg-s-maksimalna-absorbciya-tsena
558,3267,7466,3177 WN,"Melatonin Magnesium/ MЕЛАТОНИН 10 mg + МАГНЕЗИЙ 150 mg Maximum Strength, Webber Naturals, 60 дъвчащи таблетки с вкус шоколад",Webber Naturals,17613,title,LG Length - cm; LH Width - cm; LI Height - cm,,https://stoletnika.eu/product/melatonin-magnesium-melatonin-10-mg-magneziy-150-mg-maximum-strength-60-davchashti-tabletki-s-vkus-na-shokolad
559,3268,7468,3174 WN,"Melatonin Magnesium Maximum Strenght 10/150 mg/ МЕЛАТОНИН 10 mg + МАГНЕЗИЙ 150 mg, Webber Naturals, 60 таблетки",Webber Naturals,17613,title,LG Length - cm; LH Width - cm; LI Height - cm,,https://stoletnika.eu/product/melatonin-magnesium-maximum-strenght-10150-mg-melatonin-10-mg-magneziy-150-mg-60-tabletki
560,3269,7470,3687 WN,"Melatonin Gummies/ Mелатонин, 10 mg Гъми, Webber Naturals, 60 желирани таблетки",Webber Naturals,17718,title,LG Length - cm; LH Width - cm; LI Height - cm,,https://stoletnika.eu/product/melatonin-gummies-melatonin-10-mg-gami-60-jelirani-tabletki
561,3270,7472,3600 WN,"Melatonin 3 mg/ Мелатонин 3 mg, Webber Naturals",Webber Naturals,17718,title,HT 1055 - Product Dosage Form; LG Length - cm; LH Width - cm; LI Height - cm,,https://stoletnika.eu/product/melatonin-3-mg-melatonin-3-mg
562,3271,7474,3173 WN,"Melatonin Magnesium 3/150 mg/ Мелатонин 3 mg + Магнезий 150 mg,Webber Naturals, 100 таблетки",Webber Naturals,17613,title,LG Length - cm; LH Width - cm; LI Height - cm,,https://stoletnika.eu/product/melatonin-magnesium-3150-mg-melatonin-3-mg-magneziy-150-mg-100-tabletki
563,3272,7476,3602 WN,"Melatonin 5 mg/ Мелатонин 5 mg (с Удължено освобождаване), Webber Naturals, 60 таблетки",Webber Naturals,17718,title,LG Length - cm; LH Width - cm; LI Height - cm,,https://stoletnika.eu/product/melatonin-5-mg-melatonin-5-mg-s-udaljeno-osvobojdavane-60-tabletki-tsena
564,3273,7478,3686 WN,"Melatonin Gummies/ Mелатонин 5 mg Гъми, Webber Naturals, 90 желирани таблетки",Webber Naturals,17718,title,LG Length - cm; LH Width - cm; LI Height - cm,,https://stoletnika.eu/product/melatonin-gummies-melatonin-5-mg-gami-90-jelirani-tabletki
565,3274,7480,3599 WN ST,"Melatonin Extra Strength / Мелатонин (капки) ЕXTRA STRENGHT 5 mg, 100 ml ,Webber Naturals,",Webber Naturals,17718,title,LG Length - cm; LH Width - cm; LI Height - cm,,https://stoletnika.eu/product/melatonin-extra-strength-melatonin-kapki-extra-strenght-5-mg-100-ml-s-naturalen-aromat-na-yagoda
566,3275,7482,3486 WN,"Мelatonin Plus L-Theanine + 5-HTP/ Мелатонин Плюс Л-Теанин И 5-HTP, Webber Naturals,  40 таблетки,",Webber Naturals,17718,title,LG Length - cm; LH Width - cm; LI Height - cm,,https://stoletnika.eu/product/melatonin-plus-l-theanine-5-htp-melatonin-plyus-l-teanin-i-5-htp-40-davchashti-tabletki-s-tropicheski-vkus
567,3276,7484,3682 WN,"Мultivitamin Gummies/ Мултивитамини Гъми, Webber Naturals, 90 желирани таблетки",Webber Naturals,17711,title,LG Length - cm; LH Width - cm; LI Height - cm,,https://stoletnika.eu/product/multivitamin-gummies-multivitamini-gami-90-jelirani-tabletki
568,3278,7488,3876 WN,"Оmega 3-6-9 Fish, Flax, Borage/ Омега 3-6-9 1200 mg, Webber Naturals, 150 капсули",Webber Naturals,17679,title,LG Length - cm; LH Width - cm; LI Height - cm,,https://stoletnika.eu/product/omega-3-6-9-fish-flax-borage-omega-3-6-9-1200-mg-150-softgel-kapsuli-tsena
569,3279,7490,3395 WN,"Omega-3 Triple Strenght / OMEGA-3 TRIPLE STRENGHT, Webber Naturals, 80 софтгел капсули",Webber Naturals,17676,title,LG Length - cm; LH Width - cm; LI Height - cm,,https://stoletnika.eu/product/omega-3-triple-strenght-omega-3-triple-strenght-troyna-koncentraciya-80-softgel-kapsuli-tsena
570,3280,7492,3684 WN ST,"Omega 3 Gummies/ Омега-3 Гъми, Webber Naturals, 90 желирани таблетки",Webber Naturals,17676,title,LG Length - cm; LH Width - cm; LI Height - cm,,https://stoletnika.eu/product/omega-3-gummies-omega-3-gami-90-jelirani-tabletki
571,3281,7494,3619 WN ST,"Prental Multi Vitamins with Minerals/ Пренателни Мултивитамин + Минерали, Webber Naturals, 100 каплети",Webber Naturals,17711,title,HT 1055 - Product Dosage Form; LG Length - cm; LH Width - cm; LI Height - cm,,https://stoletnika.eu/product/prental-multi-vitamins-with-minerals-prenatelni-multivitamin-minerali-100-kapleti-tsena
572,3282,7496,3844 WN,"ПРОБИОТИК 10 млрд. активни пробиотици, 5 щама, Webber Naturals,40 V капсули",Webber Naturals,17689,title,LG Length - cm; LH Width - cm; LI Height - cm,,https://stoletnika.eu/product/probiotik-10-mlrd-aktivni-probiotici-5-shtama-40-v-kapsuli
573,3283,7498,3216 WN,"Probiotic 30 Billion 8 Probiotic Stranis/ Пробиотик 30 млрд. активни пробиотици, 8 пробиотични щама, Webber Naturals 30 V капсули",Webber Naturals,17689,title,LG Length - cm; LH Width - cm; LI Height - cm,,https://stoletnika.eu/product/probiotic-30-billion-8-probiotic-stranis-probiotik-30-mlrd-aktivni-probiotici-8-probiotichni-shtama-30-v-kapsuli
574,3284,7500,3214 WN,"Probiotic 5 Billion/ ПРОБИОТИК 5 млрд. активни пробиотици, 5 щама, Webber Naturals, 60 капсули",Webber Naturals,17689,title,LG Length - cm; LH Width - cm; LI Height - cm,,https://stoletnika.eu/product/probiotic-5-billion-probiotik-5-mlrd-aktivni-probiotici-5-shtama-60-v-kapsuli-tsena
575,3285,7502,3194 WN,"Пробиотик 80 млрд. активни пробиотици, Webber Naturals, 20 V капсули",Webber Naturals,17689,title,LG Length - cm; LH Width - cm; LI Height - cm,,https://stoletnika.eu/product/probiotik-80-mlrd-aktivni-probiotici-20-v-kapsuli-tsena
576,3286,7504,3222 WN,"Probiotic IBS Support 7 Billion/ ПРОБИОТИК IBS SUPPORT 7 млрд. активни пробиотици (IBS -синдром на раздразнените черва), Webber Naturals, 30 капсули",Webber Naturals,17689,title,LG Length - cm; LH Width - cm; LI Height - cm,,https://stoletnika.eu/product/probiotic-ibs-support-7-billion-probiotik-ibs-support-7-mlrd-aktivni-probiotici-ibs-sindrom-na-razdraznenite-cherva-30-v-kapsuli-tsena
577,3287,7506,3460 WN,"Resveratrol with Grape Seed Extract/ РЕСВЕРАТРОЛ, 225 mg, Webber Naturals, 90 капсули",Webber Naturals,17626,title,LG Length - cm; LH Width - cm; LI Height - cm,,https://stoletnika.eu/product/resveratrol-with-grape-seed-extract-resveratrol-s-grozdove-seme-225-mg-90-kapsuli
578,3288,7508,3840 WN,"Saw Palmetto with Flax and Pumpkin Oils/ САО ПАЛМЕТТО (С ЛЕНЕНО И ТИКВЕНО МАСЛО) 440 mg, Webber Naturals,90 капсули",Webber Naturals,17534,title,LG Length - cm; LH Width - cm; LI Height - cm,,https://stoletnika.eu/product/saw-palmetto-with-flax-and-pumpkin-oils-sao-palmetto-s-leneno-i-tikveno-maslo-440-mg-90-softgel-kapsuli
579,3289,7510,3403 WN ST,"Super Prostate with Lycopene and Zinc/ СУПЕР ПРОСТАТЕ ФОРМУЛА (С ЛИКОПЕН И ЦИНК) 820 mg, Webber Naturals, 60 софтгел капсули",Webber Naturals,17621,title,LG Length - cm; LH Width - cm; LI Height - cm,,https://stoletnika.eu/product/super-prostate-with-lycopene-and-zinc-super-prostate-formula-s-likopen-i-cink-820-mg-60-softgel-kapsuli
580,3290,7512,3295 WN ST,"Ubiquinol QH Active CoQ 10 100 mg/ Убиквинол QH Активен Коензим Q10 100 mg, Webber Naturals 30 софтгел капсули",Webber Naturals,17595,title,LG Length - cm; LH Width - cm; LI Height - cm,,https://stoletnika.eu/product/ubiquinol-qh-active-coq-10-100-mg-ubikvinol-qh-aktiven-koenzim-q10-100-mg-30-softgel-kapsuli
581,3292,7516,5053 WN,"Zinc Citrate/Цинк (Цитрат) Webber Naturals 50 mg,",Webber Naturals,17621,title,HT 1055 - Product Dosage Form; LG Length - cm; LH Width - cm; LI Height - cm,,https://stoletnika.eu/product/zinc-citrate-cink-citrat-50-mg
582,5626,11701,1256 NF,"Natural Factors, BioCoenzymated Актив В-Комплекс Ultra Strength x 60 капсули",Natural Factors,17705,title,LG Length - cm; LH Width - cm; LI Height - cm,,https://stoletnika.eu/product/biocoenzymated-aktiv-v-kompleks-ultra-strength-x-60-kapsuli
583,5627,11703,3660 WN,"Webber Naturals, Advanced Collagen + Turmeric Колаген + Куркума х 30 мини каплети",Webber Naturals,17539,title,HT 1055 - Product Dosage Form; LG Length - cm; LH Width - cm; LI Height - cm,,https://stoletnika.eu/product/webber-naturals-advanced-collagen-turmeric-kolagen-kurkuma-h-30-mini-kapleti
584,5628,11704,9502 BCN,"Natural Factors, BioDigest x 180 капсули",Natural Factors,17595,nearest: digestive nutritional product group,LG Length - cm; LH Width - cm; LI Height - cm,"Closest available template category selected: Health & Household / Vitamins, Minerals & Supplements / Enzymes / Multi-Enzyme Nutritional Supplements",https://stoletnika.eu/product/natural-factors-biodigest-x-180-kapsuli
585,5629,11706,BM9187 NF A,"Natural Factors, BioSil™ Коса, кожа и нокти 115 mg x 60 V капсули",Natural Factors,17618,nearest: principal product ingredient,LG Length - cm; LH Width - cm; LI Height - cm; LY Country/Region of Origin,"Closest available template category selected: Health & Household / Vitamins, Minerals & Supplements / Minerals / Silica Mineral Supplements",https://stoletnika.eu/product/natural-factors-biosil-kosa-koja-i-nokti-115-mg-x-60-v-kapsuli
586,5630,11708,1860 NF,"Natural Factors, Calm Biotic® 3 млрд.активни пробиотици, 2 щама формула x 30 V капсули",Natural Factors,17689,nearest: principal product ingredient,LG Length - cm; LH Width - cm; LI Height - cm,"Closest available template category selected: Health & Household / Vitamins, Minerals & Supplements / Digestive Supplements / Probiotics / Acidophilus Nutritional Supplements",https://stoletnika.eu/product/natural-factors-calm-biotic-3-mlrdaktivni-probiotici-2-shtama-formula-x-30-v-kapsuli
587,5632,11712,5278 WN ST,"Webber Naturals, Collagen®30 Колаген + Биотин и Серамиди  х 200 таблетки",Webber Naturals,17622,title,LG Length - cm; LH Width - cm; LI Height - cm,,https://stoletnika.eu/product/webber-naturals-collagen30-kolagen-biotin-i-seramidi-h-200-tabletki
588,5633,11714,3668 WN,"Webber Naturals, Collagen®30 Колаген + Биотин х 120 таблетки",Webber Naturals,17622,title,LG Length - cm; LH Width - cm; LI Height - cm,,https://stoletnika.eu/product/webber-naturals-collagen30-kolagen-biotin-h-120-tabletki
589,5634,11716,3664 WN,"Webber Naturals, Collagen30® Колаген + Хиалурнова киселина x 180 таблетки",Webber Naturals,17622,title,LG Length - cm; LH Width - cm; LI Height - cm,,https://stoletnika.eu/product/webber-naturals-collagen30-kolagen-hialurnova-kiselina-x-180-tabletki
590,5635,11718,3665 WN,"Webber Naturals, Collagen30® Колаген 2500 mg х 150 g прах",Webber Naturals,17622,title,LG Length - cm; LH Width - cm; LI Height - cm,,https://stoletnika.eu/product/webber-naturals-collagen30-kolagen-2500-mg-h-150-g-prah
591,5636,11720,3085 WN,"Webber Naturals, Collagen30® Колаген Биоактивни колагенови пептиди х 110 желирани таблетки",Webber Naturals,17622,title,LG Length - cm; LH Width - cm; LI Height - cm,,https://stoletnika.eu/product/webber-naturals-collagen30-kolagen-bioaktivni-kolagenovi-peptidi-h-110-jelirani-tabletki
592,5637,11722,3657 WN,"Webber Natural, Collagen30® Мoрски колаген ( с био еластинови пептиди) х 120 V капсули",Webber Naturals,17622,title,LG Length - cm; LH Width - cm; LI Height - cm,,https://stoletnika.eu/product/webber-natural-collagen30-morski-kolagen-s-bio-elastinovi-peptidi-h-120-v-kapsuli
593,5638,11724,3655 WN,"Webber Natural, Collagen30® Мoрски колаген на прах ( с био еластинови пептиди) х 63 g",Webber Naturals,17622,title,LG Length - cm; LH Width - cm; LI Height - cm,,https://stoletnika.eu/product/webber-natural-collagen30-morski-kolagen-na-prah-s-bio-elastinovi-peptidi-h-63-g
594,5639,11726,1817 NF,"Natural Factors, Critical Care Probiotic 55 млрд. активни пробиотици, 9 щама формула x 30 V капсули",Natural Factors,17689,title,LG Length - cm; LH Width - cm; LI Height - cm,,https://stoletnika.eu/product/natural-factors-critical-care-probiotic-55-mlrd-aktivni-probiotici-9-shtama-formula-x-30-v-kapsuli
595,5640,11728,3496 WN,"Webber Natural, Crystal Clean from the sea® Omega-3 1250 mg (EPA/DHA 750/500) + витамин D3 1000 IU x 200 ml",Webber Naturals,17665,title,LG Length - cm; LH Width - cm; LI Height - cm,Unsupported barcode format: 65273034967,https://stoletnika.eu/product/webber-natural-crystal-clean-from-the-sea-omega-3-1250-mg-epadha-750500-vitamin-d3-1000-iu-x-200-ml
596,5642,11732,1722 NF,"Natural Factors, Gluten Relief® x 90 V капсули",Natural Factors,17595,nearest: digestive nutritional product group,LG Length - cm; LH Width - cm; LI Height - cm,"Closest available template category selected: Health & Household / Vitamins, Minerals & Supplements / Enzymes / Multi-Enzyme Nutritional Supplements",https://stoletnika.eu/product/natural-factors-gluten-relief-x-90-v-kapsuli
597,5643,11734,1121 NF A,"Natural Factors, Hi Potency В Complex/  Hi Potency В Комплекс 50 mg x 90 капсули",Natural Factors,17705,title,LG Length - cm; LH Width - cm; LI Height - cm,,https://stoletnika.eu/product/natural-factors-hi-potency-v-complex-hi-potency-v-kompleks-50-mg-x-90-kapsuli
598,5644,11736,2680 NF,"Natural Factors, HyAppeal® Хиалуронова киселина (веган) 120 mg x 60 капсули",Natural Factors,17692,title,LG Length - cm; LH Width - cm; LI Height - cm,,https://stoletnika.eu/product/natural-factors-hyappeal-hialuronova-kiselina-vegan-120-mg-x-60-kapsuli
599,5645,11738,1321 NF,"Natural Factors, Immune Support Balanced C Extra (Витамин С 500 mg + Биофлавоноиден комплекс 350 mg) x 90 таблетки",Natural Factors,17639,title,LG Length - cm; LH Width - cm; LI Height - cm,,https://stoletnika.eu/product/natural-factors-immune-support-balanced-c-extra-vitamin-s-500-mg-bioflavonoiden-kompleks-350-mg-x-90-tabletki
600,5647,11742,2971 NF,"Natural Factors, Kids All-In-One Daily Shake Mix Веган протеин за Деца, с вкус на шоколад х 460 g",Natural Factors,17622,nearest: protein/amino-acid nutritional supplement group,HT 1055 - Product Dosage Form; LG Length - cm; LH Width - cm; LI Height - cm,"Closest available template category selected: Health & Household / Vitamins, Minerals & Supplements / Collagen Supplements; Unsupported barcode format: 62776509710",https://stoletnika.eu/product/natural-factors-kids-all-in-one-daily-shake-mix-vegan-protein-za-deca-s-vkus-na-shokolad-h-460-g
601,5648,11744,3546 NF A,"Natural Factors, Liver Health Formula (Формула за здрав черен дроб) х 60 V капсули",Natural Factors,17524,nearest: declared composition,LG Length - cm; LH Width - cm; LI Height - cm,"Closest available template category selected: Health & Household / Vitamins, Minerals & Supplements / Herbal Supplements / Licorice Root Herbal Supplements",https://stoletnika.eu/product/natural-factors-liver-health-formula-formula-za-zdrav-cheren-drob-h-60-v-kapsuli
602,5649,11746,1760 NF,"Natural Factors, MacroGest™ Keto Paleo Full Spectrum Ензимна формула 206 mg x 60 капсули",Natural Factors,17595,title,LG Length - cm; LH Width - cm; LI Height - cm,,https://stoletnika.eu/product/natural-factors-macrogest-keto-paleo-full-spectrum-enzimna-formula-206-mg-x-60-kapsuli
603,5650,11748,3631 WN,"Webber Naturals, MetaSlim® Гарциния Камбоджа 750 mg x 120 таблетки",Webber Naturals,17577,title,LG Length - cm; LH Width - cm; LI Height - cm,,https://stoletnika.eu/product/webber-naturals-metaslim-garciniya-kambodja-750-mg-x-120-tabletki
604,5651,11750,5046 WN ST,"Webber Naturals, MetaSlim® Ябълков оцет + Зелен чай х 90 капсули",Webber Naturals,17520,title,LG Length - cm; LH Width - cm; LI Height - cm,,https://stoletnika.eu/product/webber-naturals-metaslim-yabalkov-ocet-zelen-chay-h-90-kapsuli
605,5652,11752,9815 BCN,"Natural Factors, Mito Motile™ (Фертилитет формула за мъже) 30 пакетчета",Natural Factors,17709,nearest: declared composition,HT 1055 - Product Dosage Form; LG Length - cm; LH Width - cm; LI Height - cm; LY Country/Region of Origin,"Closest available template category selected: Health & Household / Vitamins, Minerals & Supplements / Vitamins / Vitamin E Supplements",https://stoletnika.eu/product/natural-factors-mito-motile-fertilitet-formula-za-maje-30-paketcheta
606,5653,11754,5258 WN,"Webber Naturals, MoveEase™ Triple Action Joint Care с колаген, бор и хиалуронова киселина х 75 каплети",Webber Naturals,17622,title,HT 1055 - Product Dosage Form; LG Length - cm; LH Width - cm; LI Height - cm,,https://stoletnika.eu/product/webber-naturals-moveease-triple-action-joint-care-s-kolagen-bor-i-hialuronova-kiselina-h-75-kapleti
607,5654,11756,1591 NF,"Natural Factors, MultiFactors® Витамини и Минерали за Мъже 50+ х 90 V капсули",Natural Factors,17604,title,LG Length - cm; LH Width - cm; LI Height - cm,,https://stoletnika.eu/product/natural-factors-multifactors-vitamini-i-minerali-za-maje-50-h-90-v-kapsuli
608,5655,11758,1585 NF,"Natural Factors, MultiFactors® Мултивитамини и Минерали за Жени х 90 V капсули",Natural Factors,17711,title,LG Length - cm; LH Width - cm; LI Height - cm,,https://stoletnika.eu/product/natural-factors-multifactors-multivitamini-i-minerali-za-jeni-h-90-v-kapsuli
609,5656,11760,1589 NF,"Natural Factors, MultiFactors® Мултивитамини и Минерали за Мъже х 90 V капсули",Natural Factors,17711,title,LG Length - cm; LH Width - cm; LI Height - cm,,https://stoletnika.eu/product/natural-factors-multifactors-multivitamini-i-minerali-za-maje-h-90-v-kapsuli
610,5657,11762,5283 WN,"Webber Naturals, Omega Q Sterols™ (Oмега-3, растителни стероли и коензим Q10) x 200 софтгел капсули",Webber Naturals,17595,title,LG Length - cm; LH Width - cm; LI Height - cm,,https://stoletnika.eu/product/webber-naturals-omega-q-sterols-omega-3-rastitelni-steroli-i-koenzim-q10-x-200-softgel-kapsuli
611,5658,11764,9459 BCN,"Natural Factors, Probiotic-Pro BB536® 10 млрд.активни пробиотици х 60 V капсули",Natural Factors,17689,title,LG Length - cm; LH Width - cm; LI Height - cm,,https://stoletnika.eu/product/natural-factors-probiotic-pro-bb536-10-mlrdaktivni-probiotici-h-60-v-kapsuli
612,5659,11766,1905 NF,"Natural Factors, Regener Life™ BrainRevive 30 дневна програма в подкрепа на когнитивното и мозъчно здраве",Natural Factors,17635,nearest: declared composition,HT 1055 - Product Dosage Form; LG Length - cm; LH Width - cm; LI Height - cm,"Closest available template category selected: Health & Household / Vitamins, Minerals & Supplements / Antioxidants / Polyphenol / Grape Seed Extract Herbal Supplements; Multiple composition sections in source: verify against the label",https://stoletnika.eu/product/natural-factors-regener-life-brainrevive-30-dnevna-programa-v-podkrepa-na-kognitivnoto-i-mozachno-zdrave
613,5660,11768,1901 NF,"Natural Factors, Regener Life™ Increases Mitochondrial Energy х 120 капсули",Natural Factors,17643,nearest: antioxidant/nutritional combination group,LG Length - cm; LH Width - cm; LI Height - cm,"Closest available template category selected: Health & Household / Vitamins, Minerals & Supplements / Antioxidants / Antioxidant Combination Nutritional Supplements",https://stoletnika.eu/product/natural-factors-regener-life-increases-mitochondrial-energy-h-120-kapsuli
614,5661,11770,1902 NF,"Natural Factors, Regener Life™ Longevity 30 дневна програма в подкрепа на клетъчното и митохондриално здраве",Natural Factors,17643,nearest: antioxidant/nutritional combination group,HT 1055 - Product Dosage Form; LG Length - cm; LH Width - cm; LI Height - cm,"Closest available template category selected: Health & Household / Vitamins, Minerals & Supplements / Antioxidants / Antioxidant Combination Nutritional Supplements; Multiple composition sections in source: verify against the label",https://stoletnika.eu/product/natural-factors-regener-life-longevity-30-dnevna-programa-v-podkrepa-na-kletachnoto-i-mitohondrialno-zdrave
615,5663,11774,1903 NF,"Natural Factors, Regener Life™ Sleep Better x 60 трислойни таблетки",Natural Factors,17718,nearest: herbal/nutritional relaxation product group,LG Length - cm; LH Width - cm; LI Height - cm,"Closest available template category selected: Health & Household / Vitamins, Minerals & Supplements / Herbal & Nutritional Sleep Supplements",https://stoletnika.eu/product/natural-factors-regener-life-sleep-better-x-60-trisloyni-tabletki
616,5664,11776,3523 NF,"Natural Factors, Regener Life™ Омега-3 (ЕРА /DHA 680/335) + Витамин D3 500 IU x 90 софтгел капсули",Natural Factors,17665,title,LG Length - cm; LH Width - cm; LI Height - cm,,https://stoletnika.eu/product/natural-factors-regener-life-omega-3-era-dha-680335-vitamin-d3-500-iu-x-90-softgel-kapsuli
617,5665,11778,1906 NF,"Natural Factors, Regener Life™ Ресвератрол 500 mg x 60 капсули",Natural Factors,17626,title,LG Length - cm; LH Width - cm; LI Height - cm,,https://stoletnika.eu/product/natural-factors-regener-life-resveratrol-500-mg-x-60-kapsuli
618,5666,11780,35492 NF,"Natural Factors, RX Omega-3 Maximum Triple Stength 1425 mg (тройна концентрация 900 mg EPA DHA) + витамин D3 1000 IU  х 150 софтгел капсули",Natural Factors,17665,title,LG Length - cm; LH Width - cm; LI Height - cm,,https://stoletnika.eu/product/natural-factors-rx-omega-3-maximum-triple-stength-1425-mg-troyna-koncentraciya-900-mg-epa-dha-vitamin-d3-1000-iu-h-150-softgel-kapsuli
619,5667,11782,35494 NF,"Natural Factors,",Natural Factors,17669,nearest: declared composition,HT 1055 - Product Dosage Form; LG Length - cm; LH Width - cm; LI Height - cm,"Closest available template category selected: Health & Household / Vitamins, Minerals & Supplements / Essential Fatty Acids / Fish Oil Nutritional Supplements",https://stoletnika.eu/product/natural-factors
620,5668,11784,35492 NF A,"Natural Factors, RX Omega-3 Ultra Strength+  витамин D3 1000 IU  х 150 софтгел капсули",Natural Factors,17676,title,LG Length - cm; LH Width - cm; LI Height - cm,,https://stoletnika.eu/product/natural-factors-rx-omega-3-ultra-strength-vitamin-d3-1000-iu-h-150-softgel-kapsuli
621,5669,11786,1357 NF,"Natural Factors, Rеgener Life™ Липозомен Витамин С с повишена бионаличност х 120 софтгел капсули",Natural Factors,17707,title,LG Length - cm; LH Width - cm; LI Height - cm,,https://stoletnika.eu/product/natural-factors-regener-life-lipozomen-vitamin-s-s-povishena-bionalichnost-h-120-softgel-kapsuli
622,5670,11788,6076 SL,"Natural Factors, Sea-liciuous® Omega-3 1500 mg (EPA/DHA 500/200) + витамин D3 500 IU x 60 софтгел капсули",Natural Factors,17665,title,LG Length - cm; LH Width - cm; LI Height - cm,,https://stoletnika.eu/product/natural-factors-sea-liciuous-omega-3-1500-mg-epadha-500200-vitamin-d3-500-iu-x-60-softgel-kapsuli
623,5671,11790,6055 SL,"Natural Factors, Sea-liciuous® Оmega-3 High EPA (EPA/DHA 1770/885) + Витамин D3 400 IU x 250 ml",Natural Factors,17665,title,LG Length - cm; LH Width - cm; LI Height - cm,,https://stoletnika.eu/product/natural-factors-sea-liciuous-omega-3-high-epa-epadha-1770885-vitamin-d3-400-iu-x-250-ml
624,5672,11792,35745 NF,"Natural Factors, SeaRich ™ Omega -3 4500 mg  (750 mg EPA  500 mg DHA) + витамин D3 1000 IU x 200 ml",Natural Factors,17665,title,LG Length - cm; LH Width - cm; LI Height - cm,,https://stoletnika.eu/product/natural-factors-searich-omega-3-4500-mg-750-mg-epa-500-mg-dha-vitamin-d3-1000-iu-x-200-ml
625,5673,11794,1675 NF,"Natural Factors, Seleno Excell® Селен 200 mcg x 90 капсули",Natural Factors,17617,title,LG Length - cm; LH Width - cm; LI Height - cm,,https://stoletnika.eu/product/natural-factors-seleno-excell-selen-200-mcg-x-90-kapsuli
626,5674,11796,1747 NF,"Natural Factors, Soothe Digest (добро храносмилане) 450 mg x 90 капсули",Natural Factors,17595,nearest: digestive nutritional product group,LG Length - cm; LH Width - cm; LI Height - cm,"Closest available template category selected: Health & Household / Vitamins, Minerals & Supplements / Enzymes / Multi-Enzyme Nutritional Supplements",https://stoletnika.eu/product/natural-factors-1
627,5680,11808,2631 NF,"Natural Factors, Total Body  Collagen™ Хидролизиран говежди колаген с хиалуронова киселина, глутамин и биотин x 500 g прах, с вкус на портокал",Natural Factors,17622,title,LG Length - cm; LH Width - cm; LI Height - cm,,https://stoletnika.eu/product/natural-factors-total-body-collagen-hidroliziran-govejdi-kolagen-s-hialuronova-kiselina-glutamin-i-biotin-x-500-g-prah-s-vkus-na-portokal
628,5681,11810,2632 NF,"Natural Factors, Total Body Collagen™  Хидролизиран говежди протеин, с хиалуронова киселина, глутамин и биотин х 500 g прах",Natural Factors,17622,title,LG Length - cm; LH Width - cm; LI Height - cm,Unsupported barcode format: 06958026329,https://stoletnika.eu/product/natural-factors-total-body-collagen-hidroliziran-govejdi-protein-s-hialuronova-kiselina-glutamin-i-biotin-h-500-g-prah
629,5682,11812,2644 NF,"Natural Factors, Total Body Collagen™ Колаген, суроватъчен протеин с PGX витамини, минерали и нутриенти x 855 g прах, с вкус на ванилия",Natural Factors,17622,title,LG Length - cm; LH Width - cm; LI Height - cm,Unsupported barcode format: 07765026443,https://stoletnika.eu/product/natural-factors-total-body-collagen-kolagen-surovatachen-protein-s-pgx-vitamini-minerali-i-nutrienti-x-855-g-prah-s-vkus-na-vaniliya
630,5683,11814,2633 NF,"Natural Factors, Total Body Collagen™ х 180 таблетки",Natural Factors,17622,title,LG Length - cm; LH Width - cm; LI Height - cm,Unsupported barcode format: 06895806336,https://stoletnika.eu/product/natural-factors-total-body-collagen-h-180-tabletki
631,5684,11816,2630 NF,"Natural Factors, Total Body Collagen™ Хидролизиран говежди колаген с хиалуронова киселина, глутамин и биотин x 500 g прах, с вкус на нар",Natural Factors,17622,title,LG Length - cm; LH Width - cm; LI Height - cm,,https://stoletnika.eu/product/natural-factors-total-body-collagen-hidroliziran-govejdi-kolagen-s-hialuronova-kiselina-glutamin-i-biotin-x-500-g-prah-s-vkus-na-nar
632,5685,11818,2628 NF,"Natural Factors, Total Body Marine Collagen™ Рибен колаген на прах х 99 g",Natural Factors,17622,title,LG Length - cm; LH Width - cm; LI Height - cm,,https://stoletnika.eu/product/natural-factors-total-body-marine-collagen-riben-kolagen-na-prah-h-99-g
633,5686,11820,2629 NF,"Natural Factors, Total Body Marine Collagen™ Рибен колаген на прах, с хиалуронова киселина, глутамин и биотин х 135 g прах",Natural Factors,17622,title,LG Length - cm; LH Width - cm; LI Height - cm,,https://stoletnika.eu/product/natural-factors-total-body-marine-collagen-riben-kolagen-na-prah-s-hialuronova-kiselina-glutamin-i-biotin-h-135-g-prah
634,5687,11822,2645 NF,"Natural Factors, Total Body Multi Collagen™ Mулти колаген (говежди, рибешки и пилешки) x 267 g прах",Natural Factors,17622,title,LG Length - cm; LH Width - cm; LI Height - cm,,https://stoletnika.eu/product/natural-factors-total-body-multi-collagen-multi-kolagen-govejdi-ribeshki-i-pileshki-x-267-g-prah
635,5688,11824,2844 NF A,"Natural Factors, Tranquil Sleep Stress-Relax® x 45 софтгел капсули",Natural Factors,17718,nearest: herbal/nutritional relaxation product group,LG Length - cm; LH Width - cm; LI Height - cm,"Closest available template category selected: Health & Household / Vitamins, Minerals & Supplements / Herbal & Nutritional Sleep Supplements; Unsupported barcode format: 06895808446",https://stoletnika.eu/product/natural-factors-tranquil-sleep-stress-relax-x-45-softgel-kapsuli
636,5689,11826,5281 WN,"Webber Naturals, Ultra Testosterone Boost x 100 V капсули",Webber Naturals,17518,nearest: plant-root extract group,LG Length - cm; LH Width - cm; LI Height - cm,"Closest available template category selected: Health & Household / Vitamins, Minerals & Supplements / Herbal Supplements / Ginseng Herbal Supplements",https://stoletnika.eu/product/webber-naturals-ultra-testosterone-boost-x-100-v-kapsuli
637,5690,11828,3899 WN,"Webber Naturals, UltraCran®  / Червена боровинка Гъми х 60 желирани таблетки",Webber Naturals,17560,nearest: fruit/berry extract group,LG Length - cm; LH Width - cm; LI Height - cm,"Closest available template category selected: Health & Household / Vitamins, Minerals & Supplements / Herbal Supplements / Fruit Extracts / Bilberry Herbal Supplements; Unsupported barcode format: 62573038996",https://stoletnika.eu/product/webber-naturals-ultracran-chervena-borovinka-gami-h-60-jelirani-tabletki
638,5691,11830,9132 BCN,"Natural Factors, Urinary Pro x 60 таблетки",Natural Factors,17512,nearest: declared composition,LG Length - cm; LH Width - cm; LI Height - cm,"Closest available template category selected: Health & Household / Vitamins, Minerals & Supplements / Herbal Supplements / Echinacea Herbal Supplements",https://stoletnika.eu/product/natural-factors-urinary-pro-x-60-tabletki
639,5692,11832,3019 VD,"Natural Factors, VegiDay ® Веган протеин Органик (с грах, ориз, киноа, тиква, спирулина и хлорела) х 1100 g, с вкус на шоколад",Natural Factors,17552,title,HT 1055 - Product Dosage Form; LG Length - cm; LH Width - cm; LI Height - cm,,https://stoletnika.eu/product/natural-factors-vegiday-vegan-protein-organik-s-grah-oriz-kinoa-tikva-spirulina-i-hlorela-h-1100-g-s-vkus-na-shokolad
640,5693,11834,3021 VD,"Natural Factors, VegiDay ® Веган протеин Органик (с грах, ориз, киноа, тиква, спирулина и хлорела) х 840 g, с натурален вкус",Natural Factors,17552,title,HT 1055 - Product Dosage Form; LG Length - cm; LH Width - cm; LI Height - cm,,https://stoletnika.eu/product/natural-factors-vegiday-vegan-protein-organik-s-grah-oriz-kinoa-tikva-spirulina-i-hlorela-h-840-g-s-naturalen-vkus
641,5694,11836,3534 NF,"Natural Factors, Vision Factors® x 60 капсули",Natural Factors,17560,nearest: fruit/berry extract group,LG Length - cm; LH Width - cm; LI Height - cm,"Closest available template category selected: Health & Household / Vitamins, Minerals & Supplements / Herbal Supplements / Fruit Extracts / Bilberry Herbal Supplements; Unsupported barcode format: 06895803534",https://stoletnika.eu/product/natural-factors-vision-factors-x-60-kapsuli
642,5695,11838,3812 WN,"Webber Naturals, Vitamin B100 Complex  х 90 таблетки",Webber Naturals,17705,nearest: principal product ingredient,LG Length - cm; LH Width - cm; LI Height - cm,"Closest available template category selected: Health & Household / Vitamins, Minerals & Supplements / Vitamins / Vitamin B / Vitamin B-Complex Supplements",https://stoletnika.eu/product/webber-naturals-vitamin-b100-complex-h-90-tabletki
643,5696,11840,3689 WN,"Webber Naturals, Vitamin B100 Complex х 140 таблетки (с удължено освобождаване)",Webber Naturals,17705,nearest: principal product ingredient,LG Length - cm; LH Width - cm; LI Height - cm,"Closest available template category selected: Health & Household / Vitamins, Minerals & Supplements / Vitamins / Vitamin B / Vitamin B-Complex Supplements; Unsupported barcode format: 62573036893",https://stoletnika.eu/product/webber-naturals-vitamin-b100-complex-h-140-tabletki-s-udaljeno-osvobojdavane
644,5697,11842,3555 NF,"Natural Factors, WellBetX® Complete Diabetic x 120 таблетки",Natural Factors,17629,nearest: declared composition,LG Length - cm; LH Width - cm; LI Height - cm,"Closest available template category selected: Health & Household / Vitamins, Minerals & Supplements / Antioxidants / Beta Carotene Nutritional Supplements",https://stoletnika.eu/product/natural-factors-wellbetx-complete-diabetic-x-120-tabletki
645,5698,11844,35556 NF,"Natural Factors, Whole earth and sea®  Пробиотик + Пребиотици и Постбиотици от ферменирали храни 10 млрд. активни проботици, 10 щама формула х 60 V капсули",Natural Factors,17689,title,LG Length - cm; LH Width - cm; LI Height - cm,,https://stoletnika.eu/product/natural-factors-whole-earth-and-sea-probiotik-prebiotici-i-postbiotici-ot-fermenirali-hrani-10-mlrd-aktivni-probotici-10-shtama-formula-h-60-v-kapsuli
646,5699,11846,35518 NF,"Natural Factors, Whole earth and sea® Horseradsih Respiratory Relief (Хрян Комплекс) x 60 таблетки",Natural Factors,17707,nearest: declared composition,LG Length - cm; LH Width - cm; LI Height - cm,"Closest available template category selected: Health & Household / Vitamins, Minerals & Supplements / Vitamins / Vitamin C Supplements",https://stoletnika.eu/product/natural-factors-whole-earth-and-sea-horseradsih-respiratory-relief-hryan-kompleks-x-60-tabletki
647,5700,11848,35511 NF A,"Natural Factors, Whole earth and sea® Super Mushroom  x 30 V капсули",Natural Factors,17527,title,LG Length - cm; LH Width - cm; LI Height - cm,,https://stoletnika.eu/product/natural-factors-whole-earth-and-sea-super-mushroom-x-30-v-kapsuli
648,5701,11850,3213 WN,"Webber Naturals, Women s Health Пробиотик за Жени (5 млрд. активни пробиотици + 200 mg червена боровинка) х 45 V капсули",Webber Naturals,17689,title,LG Length - cm; LH Width - cm; LI Height - cm,,https://stoletnika.eu/product/webber-naturals-women-s-health-probiotik-za-jeni-5-mlrd-aktivni-probiotici-200-mg-chervena-borovinka-h-45-v-kapsuli
649,5702,11852,3901 WN,"Webber Naturals, Womens Daily Probiotic Пробиотик за Жени 25 млрд. активни пробиотици, 10 щама формула х 30 V капсули",Webber Naturals,17689,title,LG Length - cm; LH Width - cm; LI Height - cm,Unsupported barcode format: 62573039016,https://stoletnika.eu/product/webber-naturals-womens-daily-probiotic-probiotik-za-jeni-25-mlrd-aktivni-probiotici-10-shtama-formula-h-30-v-kapsuli
650,5704,11856,1764 NF,"Natural Factors, Zymactive Double Strength Протеолитични ензими х 90 таблетки",Natural Factors,17595,title,LG Length - cm; LH Width - cm; LI Height - cm,,https://stoletnika.eu/product/natural-factors-zymactive-double-strength-proteolitichni-enzimi-h-90-tabletki
651,5705,11858,4530 NF,"Natural Factors, Акай 500 mg х 90 капсули",Natural Factors,17560,nearest: fruit/berry extract group,LG Length - cm; LH Width - cm; LI Height - cm,"Closest available template category selected: Health & Household / Vitamins, Minerals & Supplements / Herbal Supplements / Fruit Extracts / Bilberry Herbal Supplements",https://stoletnika.eu/product/natural-factors-akay-500-mg-h-90-kapsuli
652,5706,11860,2102 NF,"Natural Factors, Алфа липоева киселина 600 mg + витамин В1 и В2 х 60 V капсули",Natural Factors,17628,title,LG Length - cm; LH Width - cm; LI Height - cm,,https://stoletnika.eu/product/natural-factors-alfa-lipoeva-kiselina-600-mg-vitamin-v1-i-v2-h-60-v-kapsuli
653,5707,11862,5264 WN,"Webber Naturals, Ашваганда 300 mg x 120 V капсули",Webber Naturals,17567,title,LG Length - cm; LH Width - cm; LI Height - cm,,https://stoletnika.eu/product/webber-naturals-ashvaganda-300-mg-x-120-v-kapsuli
654,5708,11864,2862 NF,"Natural Factors, Ашваганда 600 mg x 30 V капсули",Natural Factors,17567,title,LG Length - cm; LH Width - cm; LI Height - cm,,https://stoletnika.eu/product/natural-factors-ashvaganda-600-mg-x-30-v-kapsuli
655,5709,11866,3909 WN,"Webber Naturals, Ашваганда 600 mg x 60 V капсули",Webber Naturals,17567,title,LG Length - cm; LH Width - cm; LI Height - cm,,https://stoletnika.eu/product/webber-naturals-ashvaganda-600-mg-x-60-v-kapsuli
656,5710,11868,1003 NF,"Natural Factors, Бета каротин 30000 IU х 90 капсули",Natural Factors,17629,title,LG Length - cm; LH Width - cm; LI Height - cm,,https://stoletnika.eu/product/natural-factors-beta-karotin-30000-iu-h-90-kapsuli
657,5711,11870,3908 WN,"Webber Naturals, Биотин Extra Strength 10000 mcg x 120 V капсули",Webber Naturals,17704,title,LG Length - cm; LH Width - cm; LI Height - cm,,https://stoletnika.eu/product/webber-naturals-biotin-extra-strength-10000-mcg-x-120-v-kapsuli
658,5712,11872,4565 NF,"Natural Factors, Валериана (корен) 300 mg x 90 капсули",Natural Factors,17540,title,LG Length - cm; LH Width - cm; LI Height - cm,,https://stoletnika.eu/product/natural-factors-valeriana-koren-300-mg-x-90-kapsuli
659,5713,11874,1131 NF,"Natural Factors, Витамин B Стрес Формула х 90 таблетки",Natural Factors,17705,nearest: principal product ingredient,LG Length - cm; LH Width - cm; LI Height - cm,"Closest available template category selected: Health & Household / Vitamins, Minerals & Supplements / Vitamins / Vitamin B / Vitamin B-Complex Supplements",https://stoletnika.eu/product/natural-factors-vitamin-b-stres-formula-h-90-tabletki
660,5714,11876,1243 NF,"Natural Factors, Витамин B12 1000 mcg (метилкобаламин)  x 180 сублингвални таблетки",Natural Factors,17703,title,LG Length - cm; LH Width - cm; LI Height - cm,,https://stoletnika.eu/product/natural-factors-vitamin-b12-1000-mcg-metilkobalamin-x-180-sublingvalni-tabletki
661,5715,11878,3591 WN,"Webber Naturals, Витамин D3 1000 IU x 500 таблетки",Webber Naturals,17708,title,LG Length - cm; LH Width - cm; LI Height - cm,Unsupported barcode format: 62573035919,https://stoletnika.eu/product/webber-naturals-vitamin-d3-1000-iu-x-500-tabletki
662,5721,11890,5032 WN,"Webber Naturals, Витамин D3 WN 1000 IU x 180 софтгел капсули",Webber Naturals,17708,title,LG Length - cm; LH Width - cm; LI Height - cm,,https://stoletnika.eu/product/webber-naturals-vitamin-d3-wn-1000-iu-x-180-softgel-kapsuli
663,5722,11892,1048 NF,"Natural Factors, Витамин D3 Гъми за Деца Big Friends®  600 IU х 60 желирани таблетки",Natural Factors,17708,title,LG Length - cm; LH Width - cm; LI Height - cm,,https://stoletnika.eu/product/natural-factors-vitamin-d3-gami-za-deca-big-friends-600-iu-h-60-jelirani-tabletki
664,5724,11896,1421 NF,"Natural Factors, Витамин E 268 mg / 400 IU  (токофероли микс) х 90 софтгел капсули R",Natural Factors,17709,title,LG Length - cm; LH Width - cm; LI Height - cm,,https://stoletnika.eu/product/natural-factors-vitamin-e-268-mg-400-iu-tokoferoli-miks-h-90-softgel-kapsuli-r
665,5725,11898,1422 NF,"Natural Factors, Витамин E 400 IU / 268 mg (токофероли микс) х 180 софтгел капсули",Natural Factors,17709,title,LG Length - cm; LH Width - cm; LI Height - cm,,https://stoletnika.eu/product/natural-factors-vitamin-e-400-iu-268-mg-tokoferoli-miks-h-180-softgel-kapsuli
666,5726,11900,8142 NF,"Natural Factors, Витамин E 400 IU 268 mg (токофероли микс) х 240 софтгел капсули",Natural Factors,17709,title,LG Length - cm; LH Width - cm; LI Height - cm,,https://stoletnika.eu/product/natural-factors-vitamin-e-400-iu-268-mg-tokoferoli-miks-h-240-softgel-kapsuli
667,5727,11902,3902 WN ST SR,"Webber Naturals, Витамин В12  (цианокобаламин) 1200 µg х 150 таблетки, с удължено освобождаване",Webber Naturals,17703,title,LG Length - cm; LH Width - cm; LI Height - cm,,https://stoletnika.eu/product/webber-naturals-vitamin-v12-cianokobalamin-1200-ug-h-150-tabletki-s-udaljeno-osvobojdavane
668,5728,11904,3903 WN ST,"Webber Naturals, Витамин В12 (цианокобаламин) 2500 µg х 110 сублингвални таблетки",Webber Naturals,17703,title,LG Length - cm; LH Width - cm; LI Height - cm,,https://stoletnika.eu/product/webber-naturals-vitamin-v12-cianokobalamin-2500-ug-h-110-sublingvalni-tabletki
669,5729,11906,3690 WN,"Webber Naturals, Витамин В50 Комплекс х 220 таблетки",Webber Naturals,17705,nearest: principal product ingredient,LG Length - cm; LH Width - cm; LI Height - cm,"Closest available template category selected: Health & Household / Vitamins, Minerals & Supplements / Vitamins / Vitamin B / Vitamin B-Complex Supplements",https://stoletnika.eu/product/webber-naturals-vitamin-v50-kompleks-h-220-tabletki
670,5730,11908,3800 WN,"Webber Naturals, Витамин Е (d-алфа токоферил ацетат) 400 IU x 120 софтгел капсули",Webber Naturals,17709,title,LG Length - cm; LH Width - cm; LI Height - cm,,https://stoletnika.eu/product/webber-naturals-vitamin-e-d-alfa-tokoferil-acetat-400-iu-x-120-softgel-kapsuli
671,5731,11910,8878 NF SP.R,"Natural Factors, Витамин К2, D3 и А (капки) х 30 ml",Natural Factors,17710,nearest: vitamin K group; K2 leaf absent,LG Length - cm; LH Width - cm; LI Height - cm,"Closest available template category selected: Health & Household / Vitamins, Minerals & Supplements / Vitamins / Vitamin K1 Supplements",https://stoletnika.eu/product/natural-factors-vitamin-k2d3-i-a-kapki-h-30-ml
672,5732,11912,3586 WN,"Webber Naturals, Витамин С (с удължено освобождаване) 1000 mg х 60 таблетки",Webber Naturals,17707,title,LG Length - cm; LH Width - cm; LI Height - cm; LY Country/Region of Origin,,https://stoletnika.eu/product/webber-naturals-vitamin-s-s-udaljeno-osvobojdavane-1000-mg-h-60-tabletki
673,5733,11914,3698 WN ST,"Webber Naturals, Витамин С 500 mg + Кверцетин 250 mg x 100 V капсули",Webber Naturals,17638,title,LG Length - cm; LH Width - cm; LI Height - cm,,https://stoletnika.eu/product/webber-naturals-vitamin-s-500-mg-kvercetin-250-mg-x-100-v-kapsuli
674,5734,11916,3698 WN ST,"Webber Naturals, Витамин С 500 mg х120 дъвчащи таблетки с вкус на боровинки",Webber Naturals,17707,title,LG Length - cm; LH Width - cm; LI Height - cm,,https://stoletnika.eu/product/webber-naturals-vitamin-s-500-mg-h120-davchashti-tabletki-s-vkus-na-borovinki
675,5735,11918,3588 WN,"Webber Naturals, Витамин С 500 mg х120 дъвчащи таблетки с вкус на портокал",Webber Naturals,17707,title,LG Length - cm; LH Width - cm; LI Height - cm,Unsupported barcode format: 62573035889,https://stoletnika.eu/product/webber-naturals-vitamin-s-500-mg-h120-davchashti-tabletki-s-vkus-na-portokal
676,5737,11922,3589 WN ST,"Webber Naturals, Витамин С 500 mg х120 дъвчащи таблетки с вкус на тропически плодове",Webber Naturals,17707,title,LG Length - cm; LH Width - cm; LI Height - cm,,https://stoletnika.eu/product/webber-naturals-vitamin-s-500-mg-h120-davchashti-tabletki-s-vkus-na-tropicheski-plodove
677,5738,11924,1319 NF,"Natural Factors, Витамин С Липозомен 500 mg x 90 софтгел капсули",Natural Factors,17707,title,LG Length - cm; LH Width - cm; LI Height - cm,,https://stoletnika.eu/product/natural-factors-vitamin-s-lipozomen-500-mg-x-90-softgel-kapsuli
678,5740,11928,2819 NF,"Natural Factors, Глутатион LipoMicel Matrix 300 mg x 60 софтгел капсули",Natural Factors,17643,nearest: antioxidant/nutritional combination group,LG Length - cm; LH Width - cm; LI Height - cm,"Closest available template category selected: Health & Household / Vitamins, Minerals & Supplements / Antioxidants / Antioxidant Combination Nutritional Supplements",https://stoletnika.eu/product/natural-factors-glutation-lipomicel-matrix-300-mg-x-60-softgel-kapsuli
679,5741,11930,2861 NF,"Natural Factors, Глутатион LipoMicel Matrix 300 mg x 90 софтгел капсули",Natural Factors,17643,nearest: antioxidant/nutritional combination group,LG Length - cm; LH Width - cm; LI Height - cm,"Closest available template category selected: Health & Household / Vitamins, Minerals & Supplements / Antioxidants / Antioxidant Combination Nutritional Supplements; Unsupported barcode format: 62776508614",https://stoletnika.eu/product/natural-factors-glutation-lipomicel-matrix-300-mg-x-90-softgel-kapsuli
680,5742,11932,3546 WN,"Webber Naturals, Глюкозамин сулфат + Куркума х 120 таблетки",Webber Naturals,17539,title,LG Length - cm; LH Width - cm; LI Height - cm,,https://stoletnika.eu/product/webber-naturals-glyukozamin-sulfat-kurkuma-h-120-tabletki
681,5743,11934,4535 NF A,"Natural Factors, Гроздово семе 100 mg х 60 V капсули",Natural Factors,17635,title,LG Length - cm; LH Width - cm; LI Height - cm,,https://stoletnika.eu/product/natural-factors-grozdovo-seme-100-mg-h-60-v-kapsuli
682,5744,11936,4504 NF A,"Natural Factors, Джинджифил 500 mg х 10 дъвчащи таблетки",Natural Factors,17516,title,LG Length - cm; LH Width - cm; LI Height - cm,,https://stoletnika.eu/product/natural-factors-djindjifil-500-mg-h-10-davchashti-tabletki
683,5745,11938,5088 WN,"Webber Naturals, Ехинацея (тройно стандартизиран екстракт) х 90 софтгел капсули",Webber Naturals,17512,title,LG Length - cm; LH Width - cm; LI Height - cm,,https://stoletnika.eu/product/webber-naturals-ehinaceya-troyno-standartiziran-ekstrakt-h-90-softgel-kapsuli
684,5747,11942,1639 NF,"Natural Factors, Желязо Big Friends® за Деца 10 mg x 60 дъвчащи таблетки, с вкус на праскова",Natural Factors,17612,title,LG Length - cm; LH Width - cm; LI Height - cm,,https://stoletnika.eu/product/natural-factors-jelyazo-big-friends-za-deca-10-mg-x-60-davchashti-tabletki-s-vkus-na-praskova
685,5749,11946,3131 WN SP.R,"Webber Naturals, Калий 99 mg (с висока абсорбция) x 90 таблетки WN",Webber Naturals,17616,title,LG Length - cm; LH Width - cm; LI Height - cm,,https://stoletnika.eu/product/webber-naturals-kaliy-99-mg-s-visoka-absorbciya-x-90-tabletki-wn
686,5750,11948,5274 WN ST. S.R,"Webber Naturals, Кверцетин 500 mg x 140 V капсули",Webber Naturals,17638,title,LG Length - cm; LH Width - cm; LI Height - cm,Unsupported barcode format: 62527052749,https://stoletnika.eu/product/webber-naturals-kvercetin-500-mg-x-140-v-kapsuli
687,5751,11950,20721 NF A,"Natural Factors, Коензим Q10 200 mg x 30 софтгел капсули",Natural Factors,17595,title,LG Length - cm; LH Width - cm; LI Height - cm,,https://stoletnika.eu/product/natural-factors-koenzim-q10-200-mg-x-30-softgel-kapsuli
688,5752,11952,2073 NF A,"Natural Factors, Коензим Q10 50 mg x 60 софтгел капсули",Natural Factors,17595,title,LG Length - cm; LH Width - cm; LI Height - cm,,https://stoletnika.eu/product/natural-factors-koenzim-q10-50-mg-x-60-softgel-kapsuli
689,5753,11954,5248 WN,"Webber Naturals, Крил масло Плюс Омега-3 и Астаксантин RoyalRed® х120 софтгел капсули",Webber Naturals,17648,title,LG Length - cm; LH Width - cm; LI Height - cm,,https://stoletnika.eu/product/webber-naturals-kril-maslo-plyus-omega-3-i-astaksantin-royalred-h120-softgel-kapsuli
690,5754,11956,1738 NF,"Natural Factors,Куркума + Бромелаин х 90 капсули",Natural Factors,17539,title,LG Length - cm; LH Width - cm; LI Height - cm,,https://stoletnika.eu/product/natural-factorskurkuma-bromelain-h-90-kapsuli
691,5755,11958,3592 WN,"Webber Naturals, Куркума Турмерик Куркумин + Черен пипер х 60 V капсули",Webber Naturals,17551,title,LG Length - cm; LH Width - cm; LI Height - cm,,https://stoletnika.eu/product/webber-naturals-kurkuma-turmerik-kurkumin-cheren-piper-h-60-v-kapsuli
692,5756,11960,3209 WN,Лактаза Ензим Webber Naturals 250 mg x 60 капсули,Webber Naturals,17593,title,LG Length - cm; LH Width - cm; LI Height - cm,,https://stoletnika.eu/product/laktaza-enzim-webber-naturals-250-mg-x-60-kapsuli
693,5757,11962,2856 NF,"Natural Factors, Л-Аргинин 1000 mg х 180 таблетки",Natural Factors,17622,nearest: protein/amino-acid nutritional supplement group,LG Length - cm; LH Width - cm; LI Height - cm,"Closest available template category selected: Health & Household / Vitamins, Minerals & Supplements / Collagen Supplements; Unsupported barcode format: 62776508560",https://stoletnika.eu/product/natural-factors-l-arginin-1000-mg-h-180-tabletki
694,5758,11964,2802 NF A,"Natural Factors, Л-Аргинин 1000 mg х 90 таблетки",Natural Factors,17622,nearest: protein/amino-acid nutritional supplement group,LG Length - cm; LH Width - cm; LI Height - cm,"Closest available template category selected: Health & Household / Vitamins, Minerals & Supplements / Collagen Supplements",https://stoletnika.eu/product/natural-factors-l-arginin-1000-mg-h-90-tabletki
695,5759,11966,2857 NF,"Natural Factors, Л-Глутамин 1000 mg х 60 V капсули",Natural Factors,17622,nearest: protein/amino-acid nutritional supplement group,LG Length - cm; LH Width - cm; LI Height - cm,"Closest available template category selected: Health & Household / Vitamins, Minerals & Supplements / Collagen Supplements",https://stoletnika.eu/product/natural-factors-l-glutamin-1000-mg-h-60-v-kapsuli
696,5760,11968,3134 WN,"Webber Naturals, Л-Лизин 500 mg x 60 капсули",Webber Naturals,17622,nearest: protein/amino-acid nutritional supplement group,LG Length - cm; LH Width - cm; LI Height - cm,"Closest available template category selected: Health & Household / Vitamins, Minerals & Supplements / Collagen Supplements",https://stoletnika.eu/product/webber-naturals-l-lizin-500-mg-x-60-kapsuli
697,5761,11970,2859 NF,"Natural Factors, Л-Лизин NF 1000 mg x 60 таблетки",Natural Factors,17622,nearest: protein/amino-acid nutritional supplement group,LG Length - cm; LH Width - cm; LI Height - cm,"Closest available template category selected: Health & Household / Vitamins, Minerals & Supplements / Collagen Supplements",https://stoletnika.eu/product/natural-factors-l-lizin-nf-1000-mg-x-60-tabletki
698,5762,11972,3828 WN,"Natural Factors, Лутеин 20 mg + Зеаксантн 3.5 mg х 45 софтгел капсули",Webber Naturals,17631,title,LG Length - cm; LH Width - cm; LI Height - cm,,https://stoletnika.eu/product/natural-factors-lutein-20-mg-zeaksantn-35-mg-h-45-softgel-kapsuli
699,5763,11974,3456 WN,"Webber Naturals, Лутеин 40 mg + Зеаксантн 7 mg х 60 софтгел капсули WN",Webber Naturals,17631,title,LG Length - cm; LH Width - cm; LI Height - cm,,https://stoletnika.eu/product/webber-naturals-lutein-40-mg-zeaksantn-7-mg-h-60-softgel-kapsuli-wn
700,5764,11976,5000 WN,"Webber Naturals, Магнезий  (цитрат) High Absorption 150 mg х 120  капсули",Webber Naturals,17613,title,LG Length - cm; LH Width - cm; LI Height - cm,,https://stoletnika.eu/product/webber-naturals-magneziy-citrat-high-absorption-150-mg-h-120-kapsuli
701,5765,11978,3169 WN,"Webber Naturals, Магнезий  (цитрат) High Absorption 300 mg х 200 g прах",Webber Naturals,17613,title,LG Length - cm; LH Width - cm; LI Height - cm,,https://stoletnika.eu/product/webber-naturals-magneziy-citrat-high-absorption-300-mg-h-200-g-prah
702,5766,11980,1641 NF,Магнезий бисглицинат 200 mg х120 V капсули Natural Factors,Natural Factors,17613,title,LG Length - cm; LH Width - cm; LI Height - cm,,https://stoletnika.eu/product/natural-factors-magneziy-bisglicinat-200-mg-h-120-v-kapsuli
703,5767,11982,5197 WN,"Webber Naturals, Магнезий Цитрат с висока абсорбция 150 mg х 300 капсули",Webber Naturals,17613,title,LG Length - cm; LH Width - cm; LI Height - cm,,https://stoletnika.eu/product/webber-naturals-magneziy-citrat-s-visoka-absorbciya-150-mg-h-300-kapsuli
704,5768,11984,2714 NF,"Natural Factors, Мелатонин 1 mg x 180 сублингвални таблетки",Natural Factors,17718,title,LG Length - cm; LH Width - cm; LI Height - cm,,https://stoletnika.eu/product/natural-factors-melatonin-1-mg-x-180-sublingvalni-tabletki
705,5769,11986,3604 WN,"Webber Naturals, Мелатонин 1 mg x 90 сублингвални таблетки",Webber Naturals,17718,title,LG Length - cm; LH Width - cm; LI Height - cm,,https://stoletnika.eu/product/webber-naturals-melatonin-1-mg-x-90-sublingvalni-tabletki
706,5770,11988,3917 WN,"Webber Naturals, Мелатонин 10 mg (с максимална абсорбция) х 150 сублингвални таблетки",Webber Naturals,17718,title,LG Length - cm; LH Width - cm; LI Height - cm,,https://stoletnika.eu/product/webber-naturals-melatonin-10-mg-s-maksimalna-absorbciya-h-150-sublingvalni-tabletki
707,5771,11990,2724 NF,"Natural Factors, Мелатонин 10 mg Qucik Release x 90 двуслойни таблетки",Natural Factors,17718,title,LG Length - cm; LH Width - cm; LI Height - cm,,https://stoletnika.eu/product/natural-factors-melatonin-10-mg-qucik-release-x-90-dvusloyni-tabletki
708,5772,11992,3173 WN,"Webber Naturals, Мелатонин 3 mg + Магнезий 150 mg x 100 таблетки",Webber Naturals,17613,title,LG Length - cm; LH Width - cm; LI Height - cm,,https://stoletnika.eu/product/webber-naturals-melatonin-3-mg-magneziy-150-mg-x-100-tabletki
709,5773,11994,2699 NF,"Natural Factors, МСМ + Глюкозамин Сулфат х 180 капсули",Natural Factors,17588,title,LG Length - cm; LH Width - cm; LI Height - cm,,https://stoletnika.eu/product/natural-factors-msm-glyukozamin-sulfat-h-180-kapsuli
710,5774,11996,5092 WN ST,"Webber Naturals, МСМ WN 1000 mg х 160 таблетки",Webber Naturals,17589,nearest: joint nutritional supplement group,LG Length - cm; LH Width - cm; LI Height - cm,"Closest available template category selected: Health & Household / Vitamins, Minerals & Supplements / Chondroitin & Glucosamine / Chondroitin & Glucosamine Combination Nutritional Supplements",https://stoletnika.eu/product/webber-naturals-msm-wn-1000-mg-h-160-tabletki
711,5775,11998,2696 NF,"Natural Factors, МСМ формула за стави (с глюкозамиин и хондроитин сулфат)  х 180 капсули",Natural Factors,17587,title,LG Length - cm; LH Width - cm; LI Height - cm,,https://stoletnika.eu/product/natural-factors-msm-formula-za-stavi-s-glyukozamiin-i-hondroitin-sulfat-h-180-kapsuli
712,5776,12000,8269 NF,"Natural Factors, МСМ формула за стави (с глюкозамиин и хондроитин сулфат)  х 240 капсули",Natural Factors,17587,title,LG Length - cm; LH Width - cm; LI Height - cm,,https://stoletnika.eu/product/natural-factors-msm-formula-za-stavi-s-glyukozamiin-i-hondroitin-sulfat-h-240-kapsuli
713,5777,12002,1725 NF A,"Natural Factors, Натокиназа 100 mg x 60 V капсули",Natural Factors,17595,nearest: declared composition,LG Length - cm; LH Width - cm; LI Height - cm,"Closest available template category selected: Health & Household / Vitamins, Minerals & Supplements / Enzymes / Multi-Enzyme Nutritional Supplements",https://stoletnika.eu/product/natural-factors-natokinaza-100-mg-x-60-v-kapsuli
714,5779,12006,3369 WN,"Webber Naturals, Омега-3 1233 mg (700 mg EPA/DHA) + Витамин D3 и А x 470 ml",Webber Naturals,17665,title,LG Length - cm; LH Width - cm; LI Height - cm,,https://stoletnika.eu/product/webber-naturals-omega-3-1233-mg-700-mg-epadha-vitamin-d3-i-a-x-470-ml
715,5780,12008,9814 BCN,"Natural Factors, Опти Ова™ (Фертилитет формула за жени) х 30 пакетчета",Natural Factors,17709,nearest: declared composition,HT 1055 - Product Dosage Form; LG Length - cm; LH Width - cm; LI Height - cm; LY Country/Region of Origin,"Closest available template category selected: Health & Household / Vitamins, Minerals & Supplements / Vitamins / Vitamin E Supplements",https://stoletnika.eu/product/natural-factors-opti-ova-fertilitet-formula-za-jeni-h-30-paketcheta
716,5781,12010,1749 NF A,"Natural Factors, Папая Eнзими с Амилаза и Бромелаин х 120 дъвчащи таблетки",Natural Factors,17591,title,LG Length - cm; LH Width - cm; LI Height - cm,,https://stoletnika.eu/product/natural-factors-papaya-enzimi-s-amilaza-i-bromelain-h-120-davchashti-tabletki
717,5782,12012,2700 NF,"Natural Factors, ПЕА NF (палмитоелетаноламид) 400 mg x 90 V капсули",Natural Factors,17509,nearest: flower/herb extract group,LG Length - cm; LH Width - cm; LI Height - cm,"Closest available template category selected: Health & Household / Vitamins, Minerals & Supplements / Herbal Supplements / Chamomile Herbal Supplements",https://stoletnika.eu/product/natural-factors-pea-nf-palmitoeletanolamid-400-mg-x-90-v-kapsuli
718,5783,12014,2626 NF A,"Natural Factors, Пи-Ес Фосфатидилсерин 100 mg х 120 софтгел капсули",Natural Factors,17643,nearest: antioxidant/nutritional combination group,LG Length - cm; LH Width - cm; LI Height - cm,"Closest available template category selected: Health & Household / Vitamins, Minerals & Supplements / Antioxidants / Antioxidant Combination Nutritional Supplements",https://stoletnika.eu/product/natural-factors-pi-es-fosfatidilserin-100-mg-h-120-softgel-kapsuli
719,5784,12016,3216 WN,"Webber Naturals, Пробиотик (30 млрд. активни пробиотици. 8 пробиотични щама) х 30 V капсули",Webber Naturals,17689,title,LG Length - cm; LH Width - cm; LI Height - cm,,https://stoletnika.eu/product/webber-naturals-probiotik-30-mlrd-aktivni-probiotici-8-probiotichni-shtama-h-30-v-kapsuli
720,5785,12018,3197 WN,"Webber Naturals, Пробиотик (50 млрд. активни пробиотици, 10 щама)  х 30 V капсули",Webber Naturals,17689,title,LG Length - cm; LH Width - cm; LI Height - cm,,https://stoletnika.eu/product/webber-naturals-probiotik-50-mlrd-aktivni-probiotici-10-shtama-h-30-v-kapsuli
721,5786,12020,3898 WN,"Webber Naturals, Пробиотик за възрастни 50+ (15 млрд. активни пробиотици, 10 щама формула)  х 30 V капсули",Webber Naturals,17689,title,LG Length - cm; LH Width - cm; LI Height - cm,,https://stoletnika.eu/product/webber-naturals-probiotik-za-vazrastni-50-15-mlrd-aktivni-probiotici-10-shtama-formula-h-30-v-kapsuli
722,5789,12026,4516 NF,"Natural Factors, Синя боровинка Супер концентрат BlueRich® 500 mg х 90 софтгел капсули",Natural Factors,17560,nearest: fruit/berry extract group,LG Length - cm; LH Width - cm; LI Height - cm,"Closest available template category selected: Health & Household / Vitamins, Minerals & Supplements / Herbal Supplements / Fruit Extracts / Bilberry Herbal Supplements",https://stoletnika.eu/product/natural-factors-sinya-borovinka-super-koncentrat-bluerich-500-mg-h-90-softgel-kapsuli
723,5790,12028,1847 NF,"Natural Factors, Ултимат мулти пробиотик 12 млрд. активни пробиотици, 12 щама формула х 60 V капсули",Natural Factors,17689,title,LG Length - cm; LH Width - cm; LI Height - cm,,https://stoletnika.eu/product/natural-factors-ultimat-multi-probiotik-12-mlrd-aktivni-probiotici-12-shtama-formula-h-60-v-kapsuli
724,5791,12030,2260 NF,"Natural Factors, Ултимат Омега 3-6-9 1200 mg х 90 софтгел капсули",Natural Factors,17679,title,LG Length - cm; LH Width - cm; LI Height - cm,,https://stoletnika.eu/product/natural-factors-ultimat-omega-3-6-9-1200-mg-h-90-softgel-kapsuli
725,5792,12032,3905 WN,"Webber Naturals, Ултра Калций 650 mg + Витамин D3 400 IU  x 280 таблетки",Webber Naturals,17608,title,LG Length - cm; LH Width - cm; LI Height - cm,,https://stoletnika.eu/product/webber-naturals-ultra-kalciy-650-mg-vitamin-d3-400-iu-x-280-tabletki
726,5793,12034,3904 WN,"Webber Naturals, Ултра Калций 650 mg x 280 таблетки",Webber Naturals,17608,title,LG Length - cm; LH Width - cm; LI Height - cm,,https://stoletnika.eu/product/webber-naturals-ultra-kalciy-650-mg-x-280-tabletki
727,5794,12036,1272 NF A,"Natural Factors, Фолиева киселина 400 µg х 90 таблетки",Natural Factors,17702,title,LG Length - cm; LH Width - cm; LI Height - cm,,https://stoletnika.eu/product/natural-factors-folieva-kiselina-400-ug-h-90-tabletki
728,5795,12038,1630 NF,"Natural Factors, Хром GTF (хелат) 500 µg х 90 таблетки",Natural Factors,17609,title,LG Length - cm; LH Width - cm; LI Height - cm,,https://stoletnika.eu/product/natural-factors-hrom-gtf-helat-500-ug-h-90-tabletki
729,5796,12040,2682 NF,"Natural Factors, Целадрин® Pain Relief x 120 софтгел капсули",Natural Factors,17589,nearest: joint nutritional supplement group,LG Length - cm; LH Width - cm; LI Height - cm,"Closest available template category selected: Health & Household / Vitamins, Minerals & Supplements / Chondroitin & Glucosamine / Chondroitin & Glucosamine Combination Nutritional Supplements; Unsupported barcode format: 62776506825",https://stoletnika.eu/product/natural-factors-celadrin-pain-relief-x-120-softgel-kapsuli
730,5797,12042,3919 WN,"Webber Naturals, Цинк Бисглицинат High Asborption 50 mg  x 120 V капсули",Webber Naturals,17621,title,LG Length - cm; LH Width - cm; LI Height - cm,,https://stoletnika.eu/product/webber-naturals-cink-bisglicinat-high-asborption-50-mg-x-120-v-kapsuli
731,5799,12046,3920 WN,"Webber Naturals, Цинк(глюконат) Гъми 15 mg х 60 желирани таблетки",Webber Naturals,17621,title,LG Length - cm; LH Width - cm; LI Height - cm,Unsupported barcode format: 2527303920,https://stoletnika.eu/product/webber-naturals-cinkglyukonat-gami-15-mg-h-60-jelirani-tabletki
732,5802,12052,2855 NF,"Natural Factors, Шафран (стандартизиран екстракт) 28 mg х 30 V капсули",Natural Factors,17509,nearest: flower/herb extract group,LG Length - cm; LH Width - cm; LI Height - cm,"Closest available template category selected: Health & Household / Vitamins, Minerals & Supplements / Herbal Supplements / Chamomile Herbal Supplements",https://stoletnika.eu/product/natural-factors-shafran-standartiziran-ekstrakt-28-mg-h-30-v-kapsuli
733,5803,12054,2057 NF A ST,"Natural Factors, Ябълков оцет 500 mg + Хром пиколинат 250  µg x 90 V капсули",Natural Factors,17609,title,LG Length - cm; LH Width - cm; LI Height - cm,Unsupported barcode format: 06895800570,https://stoletnika.eu/product/natural-factors-yabalkov-ocet-500-mg-hrom-pikolinat-250-ug-x-90-v-kapsuli
734,5804,12056,5054 WN,"Webber Naturals, Ябълков оцет 500 mg х 240 капсули",Webber Naturals,17685,nearest: dietary-fiber/digestive nutritional product group,LG Length - cm; LH Width - cm; LI Height - cm,"Closest available template category selected: Health & Household / Vitamins, Minerals & Supplements / Digestive Supplements / Dietary Fiber Nutritional Supplements",https://stoletnika.eu/product/webber-naturals-yabalkov-ocet-500-mg-h-240-kapsuli
735,5806,12060,3086 WN,"Webber Naturals, Ябълков оцет Гъми х 90 желирани таблетки",Webber Naturals,17685,nearest: dietary-fiber/digestive nutritional product group,LG Length - cm; LH Width - cm; LI Height - cm,"Closest available template category selected: Health & Household / Vitamins, Minerals & Supplements / Digestive Supplements / Dietary Fiber Nutritional Supplements; Unsupported barcode format: 62527303086",https://stoletnika.eu/product/webber-naturals-yabalkov-ocet-gami-h-90-jelirani-tabletki
736,5807,12062,4805 NF,"Natural Factors, Гинко билоба Фитозоми 60 mg x 60 капсули",Natural Factors,17517,title,LG Length - cm; LH Width - cm; LI Height - cm,,https://stoletnika.eu/product/natural-factors-ginko-biloba-fitozomi-60-mg-x-60-kapsuli
737,7002,14158,7086 NF SP.R,"Natural Factors, Мелатонин 4 mg x 90 таблетки",Natural Factors,17718,title,LG Length - cm; LH Width - cm; LI Height - cm,Multiple composition sections in source: verify against the label,https://stoletnika.eu/product/natural-factors-melatonin-4-mg-x-90-tabletki
738,7224,14380,77260,"Natural Factors, ПРОМО ПАКЕТ 6 Череша Супер концентрат 500 mg х 90 софтгел капсули+Плодов чай  с череша и боровинки x 12 пакетчета",Natural Factors,17560,nearest: fruit/berry extract group,LG Length - cm; LH Width - cm; LI Height - cm,"Closest available template category selected: Health & Household / Vitamins, Minerals & Supplements / Herbal Supplements / Fruit Extracts / Bilberry Herbal Supplements; Multiple composition sections in source: verify against the label; Mixed promotional bundle: verify category, component labels and quantities",https://stoletnika.eu/product/natural-factors-promo-paket-6-cheresha-super-koncentrat-500-mg-h-90-softgel-kapsuliplodov-chay-s-cheresha-i-borovinki-x-12-paketcheta
739,7225,14381,77259,"Natural Factors, ПРОМО ПАКЕТ 5 PGX® DAILY ULTRA MATRIX 750 mg х 120 софтгел капсули + Дренакс Форте  Боровинка и Гроздово семе (против задържане на течности) x 300 ml",Natural Factors,17685,nearest: dietary-fiber/digestive nutritional product group,LG Length - cm; LH Width - cm; LI Height - cm,"Closest available template category selected: Health & Household / Vitamins, Minerals & Supplements / Digestive Supplements / Dietary Fiber Nutritional Supplements; Multiple composition sections in source: verify against the label; Mixed promotional bundle: verify category, component labels and quantities",https://stoletnika.eu/product/natural-factors-promo-paket-5-pgx-daily-ultra-matrix-750-mg-h-120-softgel-kapsuli-drenaks-forte-borovinka-i-grozdovo-seme-protiv-zadarjane-na-technosti-x-300-ml
740,7226,14382,77256,"Natural Factors, ПРОМО ПАКЕТ 2 ОстеоМуув Супер грижа за ставите 1431 mg х 120 таблетки + Масажен гел с Арника и дяволски нокът SanaVita x150 ml",Natural Factors,17589,nearest: joint nutritional supplement group,LG Length - cm; LH Width - cm; LI Height - cm,"Closest available template category selected: Health & Household / Vitamins, Minerals & Supplements / Chondroitin & Glucosamine / Chondroitin & Glucosamine Combination Nutritional Supplements; Multiple composition sections in source: verify against the label; Mixed promotional bundle: verify category, component labels and quantities",https://stoletnika.eu/product/natural-factors-promo-paket-2-osteomuuv-super-grija-za-stavite-1431-mg-h-120-tabletki-masajen-gel-s-arnika-i-dyavolski-nokat-sanavita-x150-ml
741,7227,14383,77257,"Natural Factors, ПРОМО ПАКЕТ 3 Мулти Пробиотик за Жени 12 млрд. активни пробиотици (10 щама формула) х 60 V капсули + Drenax® Delicato/ Интимен гел (pH 4) x 220 ml",Natural Factors,17689,nearest: principal product ingredient,LG Length - cm; LH Width - cm; LI Height - cm,"Closest available template category selected: Health & Household / Vitamins, Minerals & Supplements / Digestive Supplements / Probiotics / Acidophilus Nutritional Supplements; Multiple composition sections in source: verify against the label; Mixed promotional bundle: verify category, component labels and quantities",https://stoletnika.eu/product/natural-factors-promo-paket-3-multi-probiotik-za-jeni-12-mlrd-aktivni-probiotici-10-shtama-formula-h-60-v-kapsuli-drenax-delicato-intimen-gel-ph-4-x-220-ml
742,7228,14384,77258,"Natural Factors, промо пакет ""Хубава Жена"" Вечерна Иглика масло 1000 mg + Интимна Мус Пяна Lievoroid",Natural Factors,17513,nearest: principal product ingredient,LG Length - cm; LH Width - cm; LI Height - cm,"Closest available template category selected: Health & Household / Vitamins, Minerals & Supplements / Herbal Supplements / Evening Primrose Herbal Supplements; Multiple composition sections in source: verify against the label; Mixed promotional bundle: verify category, component labels and quantities",https://stoletnika.eu/product/natural-factors-promo-paket-4-vecherna-iglika-maslo-1000-mg-h-90-softgel-kapsuli-sanavitality-jiznenost-i-energiya-formula-za-jeni-h-12-sasheta-s-technost
743,7229,14385,77261,"Natural Factors, ПРОМО ПАКЕТ 7 Ашваганда KSM-66  600 mg x 30 V капсули+ Лайка (цвят) x 14 филтърни пакетчета",Natural Factors,17567,nearest: principal product ingredient,LG Length - cm; LH Width - cm; LI Height - cm,"Closest available template category selected: Health & Household / Vitamins, Minerals & Supplements / Herbal Supplements / Ashwagandha; Multiple composition sections in source: verify against the label; Mixed promotional bundle: verify category, component labels and quantities",https://stoletnika.eu/product/natural-factors-promo-paket-7-ashvaganda-ksm-66-600-mg-x-30-v-kapsuli-layka-cvyat-x-14-filtarni-paketcheta
744,7230,14386,77262,"Natural Factors, ПРОМО ПАКЕТ 8 Витамин С Липозомен 500 mg x 90 софтгел капсули+Билков чай с джинджифил и куркума x 16 филтърни пакетчета",Natural Factors,17707,nearest: principal product ingredient,LG Length - cm; LH Width - cm; LI Height - cm,"Closest available template category selected: Health & Household / Vitamins, Minerals & Supplements / Vitamins / Vitamin C Supplements; Multiple composition sections in source: verify against the label; Mixed promotional bundle: verify category, component labels and quantities",https://stoletnika.eu/product/natural-factors-promo-paket-8-vitamin-s-lipozomen-500-mg-x-90-softgel-kapsulibilkov-chay-s-djindjifil-i-kurkuma-x-16-filtarni-paketcheta
745,7231,14387,77263,"Natural Factors, ПРОМО ПАКЕТ 9 Ябълков Пектин Супер концентрат 500 mg х 90 V-капсули+Билков чай Детокс x 16 пакетчета",Natural Factors,17685,nearest: principal product ingredient,LG Length - cm; LH Width - cm; LI Height - cm,"Closest available template category selected: Health & Household / Vitamins, Minerals & Supplements / Digestive Supplements / Dietary Fiber Nutritional Supplements; Multiple composition sections in source: verify against the label; Mixed promotional bundle: verify category, component labels and quantities",https://stoletnika.eu/product/natural-factors-promo-paket-9-yabalkov-pektin-super-koncentrat-500-mg-h-90-v-kapsulibilkov-chay-detoks-x-16-paketcheta
746,7232,14388,66923 WN,"Webber Naturals, ПРОМО ПАКЕТ WN-3 Витамин В12 1200 µg (метилкобаламин)  х 80 таблетки с удължено освобождаване - 2 броя",Webber Naturals,17703,title,LG Length - cm; LH Width - cm; LI Height - cm,,https://stoletnika.eu/product/webber-naturals-promo-paket-wn-3-vitamin-v12-1200-g-metilkobalamin-h-80-tabletki-s-udaljeno-osvobojdavane-2-broya
